from_date,to_date,from_datetime,to_datetime
2019-01-11,2021-04-12,2019-09-17 12:02:21,2021-07-12 18:29:29
2019-08-04,2021-04-15,2018-11-11 14:17:05,2021-08-03 16:21:40
2019-03-24,2021-02-08,2019-02-07 04:26:49,2020-11-28 05:20:33
2019-04-13,2021-06-05,2019-07-08 20:04:09,2021-05-18 08:21:12
2019-02-22,2021-10-01,2018-11-28 05:46:54,2021-06-17 21:39:42
2018-11-15,2021-06-30,2019-05-20 14:06:06,2021-05-23 18:08:33
2019-05-23,2021-03-31,2018-12-05 05:02:01,2021-08-20 18:20:54
2019-08-27,2021-02-22,2019-07-06 20:07:12,2021-04-26 18:43:48
2019-03-18,2021-04-14,2019-09-29 09:25:30,2021-07-21 23:22:17
2019-03-19,2021-03-08,2019-06-25 14:03:36,2021-07-28 17:48:55
2019-03-05,2021-05-15,2019-04-17 05:37:50,2021-09-07 20:44:51
2019-06-07,2021-01-15,2019-03-10 09:32:00,2021-01-23 09:55:12
2019-05-30,2021-06-20,2019-07-24 14:46:08,2021-03-11 05:41:11
2019-01-19,2021-06-12,2019-02-13 08:03:38,2021-05-03 21:40:21
2019-10-15,2021-09-27,2019-10-14 04:57:40,2020-12-09 13:04:25
2019-03-30,2021-08-30,2019-06-21 13:40:06,2021-10-23 15:24:15
2019-06-23,2021-02-16,2019-04-30 00:09:23,2021-03-23 21:09:35
2019-08-05,2021-01-23,2019-02-19 00:50:09,2020-11-02 16:43:38
2018-12-06,2020-11-01,2019-06-29 19:09:42,2021-06-14 01:38:27
2018-12-16,2021-03-04,2019-07-07 15:35:14,2021-03-08 08:43:18
2019-07-26,2021-06-01,2019-10-26 07:04:06,2021-05-17 08:31:59
2019-07-10,2021-09-20,2018-12-25 16:43:10,2021-08-23 15:14:15
2019-05-28,2021-08-23,2019-01-01 09:46:31,2021-03-10 05:58:58
2019-01-04,2021-06-04,2018-12-16 02:06:41,2021-05-12 05:19:53
2019-10-12,2020-12-21,2019-02-24 01:16:46,2021-04-25 08:39:59
2019-08-28,2020-12-16,2019-05-15 14:13:32,2021-07-01 17:08:52
2019-10-08,2021-10-27,2019-07-08 00:20:18,2021-03-21 01:15:32
2019-03-20,2021-08-18,2019-08-18 17:33:13,2021-09-21 11:13:41
2018-12-21,2021-05-11,2019-09-07 02:28:46,2021-01-24 15:33:28
2019-02-22,2021-01-30,2019-04-17 11:51:23,2021-04-29 02:04:53
2019-07-26,2020-11-30,2018-11-28 13:36:33,2021-07-29 10:37:26
2019-07-07,2021-03-26,2019-01-15 11:11:30,2020-12-18 16:31:30
2019-03-18,2021-04-04,2019-04-15 15:28:04,2021-05-26 14:19:20
2019-03-15,2020-11-21,2019-02-24 04:35:08,2021-02-11 18:47:37
2019-10-21,2021-03-28,2019-04-25 23:56:55,2021-04-24 18:51:01
2019-09-13,2021-05-09,2019-08-22 18:34:27,2021-03-26 20:00:49
2019-10-14,2021-09-19,2019-10-22 20:06:06,2021-02-09 02:37:35
2019-05-29,2021-07-05,2019-03-18 05:20:26,2020-12-22 13:09:09
2019-08-25,2020-11-28,2018-12-02 09:30:12,2020-11-18 16:59:46
2019-04-08,2021-03-25,2019-02-07 02:52:07,2021-09-14 11:07:03
2019-07-17,2021-06-01,2019-02-09 12:48:39,2021-05-17 15:21:54
2019-08-01,2021-04-01,2019-02-15 14:11:18,2021-04-06 05:45:23
2019-09-08,2021-02-03,2019-10-06 16:04:35,2021-03-16 21:23:05
2019-10-16,2021-07-16,2019-07-07 22:24:05,2021-06-16 21:22:30
2019-06-16,2021-08-09,2019-03-03 22:06:23,2021-02-28 18:15:08
2019-03-28,2021-07-11,2019-06-16 04:11:03,2021-09-04 20:12:41
2019-07-21,2021-08-06,2019-03-14 15:51:23,2021-01-04 02:32:35
2019-10-26,2021-10-03,2019-08-25 16:30:55,2021-04-22 02:15:32
2019-01-28,2021-01-15,2019-09-13 18:02:40,2021-04-19 01:00:39
2019-01-12,2021-08-30,2019-10-03 03:21:59,2021-04-13 13:14:47
2019-07-27,2021-06-09,2018-12-31 15:37:57,2021-01-14 20:11:46
2018-12-26,2021-04-12,2019-03-17 07:01:33,2021-07-16 01:18:41
2019-05-11,2020-12-26,2019-08-11 18:54:29,2021-04-10 20:58:01
2019-05-20,2021-04-07,2019-04-10 08:33:20,2021-05-12 06:28:26
2019-10-28,2021-02-26,2019-10-27 06:11:35,2021-04-16 05:15:44
2019-01-01,2021-01-26,2019-10-19 00:52:01,2021-01-25 12:48:20
2019-06-18,2020-12-26,2019-07-31 22:36:24,2021-08-10 08:43:43
2019-03-09,2021-04-07,2019-04-12 11:39:07,2020-11-12 02:08:43
2019-01-10,2021-08-23,2018-11-25 20:37:46,2020-12-08 08:33:23
2019-08-01,2021-04-08,2019-10-05 05:45:26,2021-03-19 14:52:01
2018-12-03,2021-06-06,2018-12-20 13:43:47,2021-01-01 06:42:47
2018-11-18,2020-11-02,2019-08-14 12:53:25,2020-12-23 14:18:03
2018-11-05,2021-02-15,2018-11-24 17:40:32,2021-03-24 18:26:21
2019-05-05,2021-08-20,2019-01-29 18:49:29,2021-03-09 20:05:24
2019-09-10,2021-05-03,2019-10-07 15:59:47,2021-03-09 22:30:53
2019-02-10,2021-02-24,2019-06-25 09:40:39,2021-02-06 19:09:48
2019-07-13,2021-05-17,2019-07-25 04:34:17,2021-09-19 16:23:14
2019-05-28,2021-07-02,2019-03-08 01:09:31,2021-01-13 06:43:14
2019-03-23,2020-12-22,2019-06-14 10:25:15,2021-03-05 09:28:58
2019-09-24,2021-05-05,2019-08-29 12:06:52,2021-09-29 03:41:58
2018-12-13,2021-07-03,2019-07-27 23:58:55,2021-08-27 15:03:36
2019-01-01,2020-11-25,2019-05-05 09:57:47,2021-05-16 21:45:26
2019-09-30,2021-01-05,2019-06-17 08:08:47,2021-01-11 08:09:02
2019-02-27,2021-08-16,2019-05-03 07:34:48,2021-08-13 15:49:20
2019-07-08,2020-12-11,2019-09-06 22:29:08,2021-07-05 08:46:54
2018-12-04,2021-04-08,2018-11-15 23:41:37,2021-04-19 09:29:42
2019-04-16,2021-05-20,2019-01-19 15:45:25,2021-06-20 06:49:43
2019-01-01,2021-10-23,2019-10-03 14:14:59,2020-11-10 19:10:16
2019-01-24,2021-04-29,2019-10-04 10:16:02,2020-11-03 05:30:52
2019-05-09,2021-09-11,2019-03-18 05:56:45,2021-05-21 16:33:23
2019-03-27,2021-03-15,2019-10-21 13:22:55,2021-05-11 17:38:58
2019-08-08,2021-09-07,2019-05-12 09:58:56,2021-09-04 05:50:09
2019-04-22,2020-12-10,2018-12-14 10:21:40,2021-09-10 05:21:54
2019-03-14,2020-12-15,2019-06-03 22:54:29,2021-10-27 16:33:41
2019-05-06,2020-12-07,2019-04-09 07:01:18,2020-12-28 18:47:23
2018-12-21,2021-02-02,2019-10-15 00:21:31,2021-05-25 14:42:26
2018-12-04,2020-11-30,2019-06-07 01:20:37,2021-05-10 22:05:27
2019-09-07,2021-07-09,2019-02-10 04:40:51,2021-02-26 01:17:46
2019-07-09,2021-07-23,2019-03-24 18:27:05,2021-10-22 02:31:08
2018-12-10,2021-09-13,2019-01-12 16:45:31,2021-03-28 08:09:08
2019-02-11,2021-02-17,2019-08-15 13:54:48,2021-10-23 20:43:59
2019-07-31,2021-09-05,2019-04-21 07:30:19,2021-10-02 07:02:44
2019-07-14,2021-03-29,2019-04-15 10:57:56,2021-03-20 08:56:50
2019-09-01,2021-05-07,2019-03-18 15:02:40,2020-11-16 05:57:39
2019-09-16,2021-09-06,2019-04-18 19:58:30,2021-03-10 02:21:34
2018-12-15,2021-05-13,2018-11-06 20:41:49,2021-02-10 19:14:57
2019-05-01,2020-11-30,2019-03-30 20:40:51,2021-04-11 13:55:22
2019-05-16,2021-08-12,2019-10-16 19:48:30,2021-07-09 00:01:39
2018-12-13,2021-10-04,2018-12-05 21:17:32,2020-12-26 07:41:32
2018-12-14,2021-06-04,2019-10-17 14:54:50,2021-02-06 04:08:17
2018-12-14,2021-03-09,2019-10-07 17:49:58,2021-07-04 09:02:06
2019-02-13,2021-01-12,2019-08-06 17:24:40,2021-03-19 23:02:10
2019-07-04,2021-09-03,2019-01-26 16:35:24,2021-04-21 17:04:12
2019-03-07,2021-08-09,2019-08-21 20:22:54,2021-06-28 06:35:42
2019-05-17,2021-03-09,2019-05-09 14:46:22,2021-09-05 14:42:27
2019-05-01,2021-10-11,2019-03-02 13:25:03,2021-08-23 01:30:33
2019-01-10,2021-09-08,2019-02-16 12:46:20,2021-02-12 01:39:28
2019-02-22,2021-08-17,2019-02-01 00:37:59,2021-02-15 01:09:25
2019-03-28,2021-10-27,2019-10-24 03:01:15,2021-04-03 03:36:47
2019-01-18,2021-09-27,2019-08-26 02:01:30,2021-03-31 07:34:01
2019-01-11,2021-06-03,2019-10-13 07:22:00,2021-02-26 20:59:13
2019-07-08,2021-07-08,2019-03-13 06:20:37,2021-10-28 02:09:27
2019-01-27,2021-02-21,2018-11-15 10:00:23,2021-10-12 02:12:50
2019-07-08,2020-11-30,2019-05-22 16:51:48,2021-05-08 11:00:07
2019-10-16,2021-09-22,2018-11-05 07:16:37,2021-03-22 17:58:19
2019-08-27,2021-09-04,2019-01-07 22:44:44,2021-06-29 03:29:47
2019-06-12,2021-10-17,2018-11-17 05:06:27,2021-10-10 18:04:54
2019-04-13,2021-02-15,2019-06-02 10:51:00,2021-08-12 03:25:51
2019-08-05,2021-05-19,2019-04-21 22:53:06,2021-08-09 05:59:15
2019-06-14,2021-04-08,2018-11-05 03:37:18,2021-07-01 06:14:29
2018-11-09,2021-01-15,2019-10-21 02:08:20,2021-08-07 05:33:00
2018-11-20,2021-05-01,2019-06-25 13:04:54,2021-01-23 13:00:47
2019-05-25,2021-01-22,2018-12-23 10:00:23,2021-10-17 06:02:16
2019-01-01,2021-09-16,2019-10-08 00:16:19,2021-02-07 09:15:10
2019-03-20,2021-05-01,2019-06-15 17:36:10,2021-03-28 07:14:11
2018-11-29,2021-04-03,2019-04-06 13:32:51,2021-06-19 22:04:23
2019-06-09,2021-07-13,2018-11-07 19:56:22,2020-11-29 14:26:38
2019-04-19,2021-09-19,2019-09-07 12:42:02,2021-06-21 21:51:59
2019-06-02,2020-12-07,2018-12-23 04:05:13,2021-08-27 22:24:49
2019-03-13,2020-12-08,2019-08-26 03:39:53,2021-06-28 05:04:36
2019-07-15,2021-03-04,2019-10-28 01:19:15,2021-03-04 22:42:20
2019-03-30,2021-05-17,2019-02-20 04:45:47,2020-12-27 05:19:17
2019-09-12,2020-11-07,2019-01-05 12:47:55,2021-06-21 12:12:14
2019-04-06,2021-02-17,2019-04-10 02:46:33,2021-06-08 12:54:43
2019-08-19,2021-09-01,2019-09-08 01:43:25,2021-01-18 19:04:20
2019-03-20,2021-06-04,2019-09-24 17:35:33,2020-12-23 06:34:44
2019-05-13,2021-07-01,2019-06-16 22:57:37,2021-01-09 11:06:16
2019-10-12,2020-11-16,2018-12-07 03:33:44,2021-10-19 13:58:22
2018-11-22,2021-07-23,2019-06-20 19:08:01,2020-12-31 11:48:45
2019-01-09,2021-05-03,2018-11-08 23:55:26,2021-10-02 03:42:56
2019-08-17,2021-09-03,2019-08-28 20:15:03,2021-08-25 06:38:53
2019-10-28,2021-01-26,2019-09-29 06:30:40,2021-09-24 04:41:23
2019-01-17,2021-10-21,2019-05-09 13:37:20,2021-08-27 05:13:52
2018-11-04,2021-04-01,2018-12-04 18:24:53,2021-03-12 15:35:33
2019-05-05,2020-11-10,2018-12-02 18:42:58,2021-01-18 18:54:23
2018-11-14,2021-07-07,2019-04-10 17:16:33,2021-04-27 12:21:36
2018-11-30,2020-12-25,2018-12-01 16:38:49,2020-12-05 22:09:35
2019-03-02,2021-03-07,2019-10-03 23:49:30,2021-04-20 12:29:30
2019-01-18,2021-02-23,2019-08-26 18:55:33,2021-07-29 12:05:57
2019-03-13,2021-09-30,2019-06-30 02:10:31,2021-04-09 00:51:09
2019-02-08,2021-05-02,2019-07-29 00:50:07,2021-10-13 20:52:44
2019-02-18,2021-10-15,2019-08-05 22:15:24,2021-06-09 19:55:07
2019-07-09,2020-11-05,2019-06-29 22:03:11,2021-04-26 22:42:31
2019-02-21,2021-01-09,2019-01-06 20:12:21,2021-07-13 09:40:03
2018-12-08,2020-12-05,2019-01-16 14:26:40,2021-04-28 10:23:45
2019-04-14,2021-04-25,2018-12-25 08:30:40,2021-01-25 03:10:38
2018-12-18,2021-02-05,2019-10-02 04:36:46,2021-02-21 16:56:57
2019-10-28,2021-06-23,2018-11-29 07:21:54,2020-11-16 08:05:53
2018-11-01,2020-11-25,2019-01-17 23:18:58,2021-08-07 20:01:17
2019-04-22,2021-07-29,2019-07-17 08:03:37,2021-05-27 10:43:18
2019-02-15,2021-06-26,2019-09-01 09:36:30,2021-09-19 22:56:46
2018-12-16,2021-08-16,2019-10-23 06:08:38,2021-09-06 23:57:21
2018-11-28,2021-10-31,2018-11-04 18:40:28,2021-06-28 22:01:00
2019-04-27,2021-01-18,2019-03-03 17:49:38,2020-12-24 10:19:20
2018-11-12,2021-09-15,2018-12-12 04:23:00,2021-02-27 10:13:12
2019-04-25,2021-09-11,2019-10-24 05:09:19,2021-06-23 17:39:32
2019-08-17,2021-01-15,2018-11-12 07:42:02,2021-08-17 02:14:55
2019-04-27,2021-08-09,2019-05-19 19:18:19,2021-06-16 11:58:52
2019-09-17,2021-06-23,2018-12-30 21:51:05,2021-03-26 11:12:23
2019-10-30,2021-06-18,2019-06-26 02:38:57,2021-09-01 09:11:36
2019-09-06,2021-08-24,2018-11-01 00:14:44,2021-09-28 15:52:31
2019-05-23,2021-01-28,2019-02-17 21:52:39,2021-09-16 10:55:50
2019-03-19,2021-01-22,2018-11-21 12:44:08,2021-01-14 01:08:24
2019-07-17,2021-05-24,2019-02-16 07:21:48,2021-05-24 23:19:49
2019-03-28,2020-12-12,2019-08-15 05:42:28,2021-03-18 08:21:49
2019-01-05,2021-07-04,2019-03-02 05:54:22,2021-05-07 02:49:27
2019-05-30,2021-01-23,2019-03-04 19:09:33,2021-08-19 15:09:59
2019-05-23,2020-12-14,2019-03-30 09:26:42,2021-09-22 07:21:30
2019-02-01,2020-11-20,2019-07-15 20:49:20,2021-02-18 23:35:42
2019-07-04,2021-07-06,2019-01-05 06:48:55,2020-11-27 14:25:59
2019-07-09,2021-10-01,2019-01-11 08:01:42,2021-03-20 11:41:02
2019-07-30,2021-02-14,2019-01-22 08:45:33,2021-06-19 05:25:21
2019-10-26,2020-12-08,2019-10-09 05:38:27,2021-03-19 17:25:33
2019-03-26,2020-11-16,2019-05-16 18:29:39,2021-07-13 16:45:14
2019-06-28,2021-07-25,2019-07-26 02:53:27,2021-07-19 05:37:27
2019-09-23,2021-10-16,2019-04-24 11:26:19,2021-03-14 00:03:13
2018-12-09,2020-11-19,2019-05-29 21:56:56,2021-06-15 06:49:09
2019-03-04,2020-12-21,2019-10-19 02:16:25,2021-09-20 12:21:01
2019-09-25,2021-06-22,2019-05-18 07:01:13,2021-10-28 14:56:45
2019-02-01,2021-05-22,2019-09-13 02:14:44,2020-11-10 01:16:54
2019-10-12,2021-02-13,2018-12-20 19:26:04,2021-09-09 06:41:53
2019-09-10,2021-10-05,2018-12-26 06:59:47,2021-05-18 13:54:58
2019-06-04,2021-04-19,2019-04-13 07:11:06,2020-11-10 19:32:29
2019-10-23,2021-10-09,2019-10-02 00:10:08,2021-06-01 05:00:12
2019-07-28,2020-12-29,2019-07-26 17:56:09,2021-05-19 18:37:25
2019-07-23,2021-03-13,2019-10-14 03:21:58,2021-03-31 21:21:12
2019-05-23,2021-03-01,2018-12-25 03:02:52,2021-09-27 16:23:33
2019-08-18,2020-12-05,2018-12-08 13:03:50,2021-03-21 20:05:02
2018-12-24,2021-02-01,2019-07-27 14:21:54,2021-10-21 14:40:36
2019-04-20,2021-07-10,2018-11-14 07:55:39,2021-09-21 13:31:36
2019-01-23,2020-11-22,2019-05-09 11:13:58,2021-05-09 11:57:41
2019-04-27,2021-07-22,2018-11-20 22:24:24,2021-07-18 11:46:11
2019-07-16,2021-10-12,2019-01-08 04:58:15,2020-12-18 16:17:58
2019-01-21,2020-12-20,2019-08-06 02:46:48,2021-04-27 21:36:01
2019-01-21,2021-05-04,2018-11-09 14:02:52,2021-01-02 09:20:57
2019-02-20,2021-09-03,2019-04-21 05:43:24,2021-08-26 04:36:04
2019-03-10,2021-07-04,2018-11-07 18:08:22,2021-06-04 00:38:40
2019-08-04,2021-03-20,2018-11-14 22:56:20,2021-04-01 14:00:45
2019-05-02,2021-08-15,2019-03-08 06:22:32,2020-12-22 05:50:47
2018-11-06,2021-01-11,2019-08-19 17:57:52,2021-09-04 21:10:52
2018-12-07,2021-09-15,2018-12-20 17:39:20,2021-08-22 06:40:48
2019-08-28,2021-04-23,2019-09-05 21:14:21,2021-08-14 08:41:17
2019-09-27,2021-07-04,2019-03-14 20:19:07,2021-05-26 17:51:26
2018-11-19,2020-11-22,2019-08-08 10:17:05,2021-07-09 06:36:13
2019-10-28,2021-06-29,2019-10-30 02:10:03,2021-09-21 09:38:52
2019-01-10,2021-09-24,2019-05-22 07:18:23,2021-08-30 19:45:32
2018-12-18,2021-01-12,2019-04-29 16:30:57,2021-09-27 12:11:46
2019-08-13,2021-03-30,2019-01-17 13:33:59,2021-04-06 15:02:44
2019-06-17,2021-01-22,2019-10-27 00:03:02,2021-01-21 05:42:45
2018-12-25,2021-08-11,2019-10-23 23:31:49,2021-04-07 19:50:58
2019-03-06,2021-05-14,2019-04-03 12:45:06,2021-09-01 07:54:59
2019-02-24,2021-07-30,2019-01-10 20:05:54,2021-03-27 14:52:12
2019-07-06,2021-09-13,2018-11-08 10:40:12,2021-09-11 02:00:30
2019-04-23,2021-01-22,2019-10-24 03:18:35,2021-02-16 01:45:07
2019-06-18,2021-04-18,2019-05-19 06:28:35,2021-09-13 16:07:53
2019-09-23,2021-01-25,2018-11-01 05:16:49,2021-01-05 06:26:38
2018-12-02,2021-08-05,2019-04-23 07:58:42,2021-04-26 16:33:47
2019-09-19,2021-06-11,2019-01-23 06:10:13,2021-05-01 22:58:45
2019-08-27,2020-12-28,2019-05-30 19:38:49,2020-12-17 12:23:52
2019-06-07,2021-03-30,2019-04-01 22:52:06,2021-09-02 17:30:55
2019-03-26,2021-10-10,2019-02-24 04:16:32,2021-09-18 20:05:39
2019-08-11,2021-04-30,2019-04-07 20:15:13,2021-07-01 20:47:48
2019-05-22,2021-06-21,2019-08-24 02:42:46,2021-02-28 20:27:04
2019-06-02,2020-12-28,2018-11-05 01:17:51,2021-04-26 20:45:27
2018-12-15,2021-01-26,2019-05-02 03:34:49,2021-06-27 06:25:34
2019-07-08,2021-03-13,2019-05-08 17:41:54,2021-08-03 17:31:40
2019-02-12,2021-01-21,2019-08-12 00:44:40,2021-01-02 20:39:45
2019-01-24,2020-11-27,2019-08-09 21:16:19,2021-08-16 22:04:41
2019-04-06,2021-06-08,2019-07-15 23:28:36,2021-08-11 16:22:48
2019-03-03,2021-09-05,2019-09-22 15:49:54,2021-05-22 13:52:59
2019-01-02,2021-05-26,2019-04-17 02:37:24,2021-05-20 03:05:34
2019-08-27,2021-09-13,2019-02-06 04:49:31,2021-08-22 05:47:31
2019-05-07,2021-06-28,2019-06-19 22:11:11,2020-11-04 09:35:26
2018-12-29,2020-11-24,2018-11-18 07:22:58,2021-05-31 15:37:06
2019-03-05,2021-10-13,2019-04-07 15:58:01,2021-09-04 00:53:42
2019-03-23,2021-01-02,2019-04-20 07:41:43,2021-09-19 19:11:19
2019-06-29,2020-12-29,2018-11-25 17:37:08,2020-11-18 10:16:19
2019-09-04,2021-01-02,2019-01-17 14:31:27,2021-05-05 01:01:12
2019-09-12,2020-12-06,2019-02-10 07:18:48,2021-10-21 17:57:38
2018-11-01,2021-01-15,2019-05-19 23:45:14,2021-05-15 08:56:42
2018-12-07,2021-07-01,2019-07-20 00:12:15,2021-05-27 15:45:17
2018-12-26,2021-01-13,2019-03-29 16:02:37,2021-02-15 03:56:59
2019-04-20,2021-06-04,2019-06-20 06:03:26,2021-04-15 21:26:29
2019-03-11,2021-01-27,2019-04-26 09:50:48,2021-07-06 22:09:24
2019-08-26,2021-03-11,2019-09-12 13:37:57,2021-03-12 07:39:41
2019-10-17,2021-07-14,2019-07-27 13:10:21,2021-09-15 19:55:53
2019-03-13,2021-06-02,2019-04-18 13:04:07,2021-04-03 19:01:14
2019-06-08,2021-02-14,2019-10-14 02:21:46,2021-10-09 21:44:30
2019-07-17,2021-08-25,2019-06-26 19:20:53,2021-04-07 04:22:27
2018-11-29,2021-02-11,2019-09-10 21:45:13,2020-11-27 12:45:17
2018-12-15,2021-08-08,2019-03-26 22:02:52,2021-01-22 11:28:21
2019-09-04,2020-12-10,2019-09-12 05:40:05,2021-02-15 15:53:32
2018-11-12,2021-10-21,2019-08-30 13:29:25,2021-08-27 10:36:01
2019-08-05,2021-02-03,2019-08-09 16:39:19,2021-10-23 22:11:17
2019-08-03,2020-12-28,2019-04-01 11:29:31,2021-03-11 21:06:40
2018-11-03,2021-04-13,2019-02-15 19:37:12,2021-03-19 23:40:28
2018-11-28,2021-07-25,2019-06-26 07:00:13,2021-01-08 20:02:42
2019-04-10,2021-07-02,2018-11-17 00:56:30,2020-12-12 11:03:48
2019-04-15,2021-04-25,2019-10-04 14:11:34,2021-09-21 18:57:36
2019-01-15,2021-09-30,2019-05-09 22:32:32,2021-03-02 09:35:55
2019-03-18,2021-04-03,2019-09-23 15:40:57,2021-09-25 07:36:34
2019-08-12,2021-01-16,2019-02-11 12:53:52,2021-09-03 16:25:35
2019-09-02,2021-09-03,2019-09-20 19:25:41,2021-08-07 01:30:00
2018-12-22,2020-12-07,2019-06-25 21:04:30,2020-12-26 06:00:55
2019-01-21,2020-11-26,2019-09-03 17:10:22,2020-12-11 17:34:06
2019-05-08,2021-05-06,2018-12-28 12:09:29,2021-07-10 16:37:50
2019-03-25,2021-06-23,2019-08-04 12:25:22,2020-11-28 05:39:07
2019-07-28,2021-06-07,2019-10-02 10:36:03,2021-10-29 19:20:58
2019-01-13,2021-03-08,2019-01-24 19:25:33,2020-11-22 04:48:01
2019-01-25,2021-01-29,2019-09-22 16:59:49,2021-05-23 05:51:55
2019-01-13,2021-07-05,2019-05-29 10:44:56,2021-05-15 02:29:55
2019-08-15,2021-08-10,2019-07-13 17:55:38,2021-08-11 03:26:32
2019-08-04,2021-07-17,2019-03-11 22:17:45,2021-05-19 16:21:16
2019-10-02,2021-06-01,2019-04-19 17:00:16,2021-01-29 06:01:07
2019-01-26,2021-09-21,2019-04-12 02:09:20,2021-01-03 07:53:15
2019-01-10,2021-02-13,2018-11-21 07:34:04,2021-08-10 18:28:24
2019-02-18,2021-10-30,2019-05-16 14:07:51,2021-09-10 20:45:22
2019-01-21,2021-08-30,2019-08-21 07:51:34,2021-07-19 07:21:25
2019-06-24,2021-10-06,2019-07-03 18:36:50,2021-05-09 17:01:11
2019-01-06,2021-07-29,2019-04-25 21:54:33,2021-03-10 01:08:20
2019-09-27,2021-01-13,2019-04-04 01:41:22,2021-04-09 02:27:23
2019-04-15,2021-01-28,2019-02-25 14:35:16,2021-10-17 10:09:42
2018-11-02,2021-02-10,2019-06-06 16:40:03,2021-10-10 21:42:07
2019-05-09,2020-12-02,2019-02-28 08:04:40,2020-11-15 13:08:46
2019-08-15,2021-05-25,2019-07-04 17:10:03,2020-11-08 20:52:32
2018-12-29,2021-01-19,2019-09-04 10:44:31,2021-02-10 18:56:27
2019-10-04,2021-01-06,2019-08-10 08:28:04,2020-11-12 17:49:30
2019-03-24,2021-10-11,2018-12-09 22:47:56,2020-12-14 03:22:51
2019-07-23,2021-05-08,2019-03-19 17:41:01,2021-06-19 19:58:52
2019-10-26,2021-04-11,2019-06-28 23:53:32,2021-03-24 21:37:36
2019-07-06,2021-04-15,2019-08-31 12:02:23,2021-09-15 07:23:39
2018-12-04,2020-11-30,2019-10-08 11:30:25,2020-12-15 09:35:08
2019-02-16,2021-10-15,2019-05-15 06:45:47,2020-12-06 00:36:45
2019-04-23,2021-03-12,2019-02-05 00:49:54,2021-07-29 19:29:12
2019-08-03,2021-09-22,2019-07-26 14:23:06,2021-05-15 16:12:00
2019-10-23,2021-07-27,2019-01-09 21:19:10,2020-12-11 04:28:32
2019-10-24,2021-09-09,2019-10-31 01:13:40,2021-09-21 12:01:42
2019-08-26,2020-11-01,2019-10-05 01:35:02,2021-03-31 13:08:48
2019-09-05,2021-03-20,2019-04-29 14:55:58,2020-12-03 00:34:54
2019-03-17,2021-08-08,2019-06-21 18:39:47,2020-11-11 15:25:57
2019-03-09,2021-10-03,2019-02-14 03:27:24,2021-01-28 03:30:11
2019-03-27,2021-06-21,2018-11-29 05:59:43,2021-07-25 17:35:36
2018-12-22,2021-06-04,2018-12-12 19:01:05,2020-11-19 04:48:59
2019-10-16,2021-09-02,2019-03-22 02:39:13,2021-07-03 09:07:21
2019-09-29,2021-09-15,2018-11-21 03:31:43,2021-09-06 16:21:51
2019-09-07,2021-06-23,2019-01-09 19:20:46,2021-02-19 05:18:41
2019-07-14,2020-12-31,2019-09-27 22:52:22,2020-12-16 13:18:30
2019-08-18,2021-04-24,2019-05-25 15:53:07,2021-03-11 07:47:14
2019-07-06,2021-09-19,2019-08-27 16:23:02,2021-08-13 19:46:16
2018-12-05,2020-11-19,2018-12-18 13:36:09,2021-06-13 14:43:16
2019-10-02,2021-08-23,2019-02-27 15:41:03,2020-12-31 15:27:31
2019-03-09,2021-09-09,2019-04-22 10:39:57,2020-12-14 13:42:45
2019-01-09,2021-05-20,2019-10-08 23:18:51,2021-08-14 14:10:02
2019-09-15,2021-09-23,2019-08-24 12:39:59,2021-08-05 01:44:49
2019-06-15,2021-02-11,2019-08-19 20:54:14,2021-10-24 06:53:53
2019-07-29,2021-10-13,2019-01-09 01:43:17,2020-11-19 13:08:20
2019-09-28,2021-03-05,2019-10-29 19:17:24,2021-04-08 02:35:53
2019-07-16,2020-11-10,2018-12-14 10:13:21,2021-07-16 20:29:02
2019-08-03,2021-01-26,2019-01-31 20:56:51,2021-03-19 23:38:16
2019-03-02,2021-04-08,2019-02-14 13:22:29,2021-06-22 07:02:56
2019-10-27,2021-04-08,2019-09-11 15:01:12,2021-07-15 03:09:18
2019-07-25,2021-02-20,2019-01-31 10:36:39,2021-09-03 23:44:51
2019-04-13,2021-04-26,2019-03-26 12:30:12,2020-12-29 04:16:42
2018-12-08,2021-01-09,2019-04-27 23:29:10,2020-12-29 20:24:08
2019-03-10,2021-05-28,2019-06-27 15:08:18,2021-10-07 14:45:04
2019-01-15,2021-05-13,2019-03-14 16:45:57,2021-03-19 05:27:40
2019-05-29,2021-01-04,2019-04-21 16:07:18,2021-05-23 13:23:10
2019-10-13,2021-05-25,2019-01-21 11:52:25,2020-12-09 18:56:35
2019-04-11,2021-04-16,2019-03-02 10:36:54,2020-11-18 11:44:09
2018-11-12,2020-11-04,2019-04-12 06:34:58,2021-07-27 04:32:11
2019-02-22,2021-02-28,2019-10-31 04:38:14,2021-09-11 08:54:50
2019-04-17,2021-09-06,2019-06-20 20:04:34,2021-02-02 18:18:17
2019-10-03,2021-01-20,2019-07-12 04:53:58,2021-07-17 19:36:46
2018-12-31,2021-07-19,2019-02-18 12:44:47,2021-06-04 13:16:18
2019-08-25,2021-10-31,2019-09-10 21:00:18,2020-11-26 09:53:53
2019-04-27,2020-11-10,2019-09-17 03:10:31,2021-07-30 11:27:40
2018-11-24,2021-09-04,2019-08-27 18:44:47,2021-03-24 07:22:36
2019-03-22,2021-04-01,2019-02-27 23:14:13,2021-10-03 15:33:07
2019-10-06,2021-06-20,2018-12-12 01:48:04,2021-06-20 02:12:10
2019-06-30,2021-08-06,2019-09-01 08:27:33,2021-10-09 18:13:17
2019-10-28,2021-10-31,2019-04-06 20:34:22,2021-05-16 08:03:50
2018-12-21,2021-10-01,2019-06-23 20:42:58,2020-11-01 12:14:59
2019-07-26,2021-02-17,2019-08-26 13:38:18,2021-05-12 01:22:16
2019-05-19,2021-05-20,2019-03-24 13:18:39,2020-12-08 02:18:36
2019-05-20,2021-02-23,2019-09-27 14:17:39,2021-10-24 09:00:33
2019-06-09,2020-12-28,2019-07-18 21:16:14,2021-07-02 02:43:57
2019-04-15,2021-06-23,2019-03-22 01:02:28,2021-07-15 00:59:31
2019-02-04,2021-05-21,2019-09-05 07:06:14,2021-01-10 18:46:16
2019-10-19,2021-06-03,2019-09-02 22:47:38,2021-03-10 15:48:07
2018-12-07,2020-12-22,2019-03-29 15:41:04,2021-08-09 15:28:47
2019-07-29,2021-07-21,2019-01-19 02:19:45,2020-11-16 17:57:22
2019-03-22,2021-05-27,2019-09-29 16:43:12,2021-03-09 22:59:33
2019-06-30,2021-04-30,2018-12-12 07:38:13,2021-01-20 14:47:26
2019-05-01,2021-02-06,2019-05-01 12:08:27,2021-09-20 18:44:13
2019-10-27,2021-06-22,2019-09-02 04:43:24,2021-07-17 14:43:32
2019-03-02,2021-01-12,2018-12-09 08:18:29,2021-09-01 23:36:31
2019-02-06,2021-10-26,2019-07-28 14:34:40,2020-11-07 08:27:27
2019-07-07,2021-08-04,2019-02-26 10:42:35,2021-02-04 08:13:17
2018-12-21,2021-10-17,2019-05-19 08:33:55,2021-06-07 05:01:47
2019-10-03,2020-11-01,2018-11-09 14:40:49,2021-03-14 16:35:27
2018-12-24,2021-10-23,2018-11-01 08:41:06,2021-06-01 01:02:04
2019-07-23,2020-12-07,2019-06-25 13:55:05,2021-02-11 08:33:42
2019-08-06,2021-09-03,2018-11-18 17:01:40,2021-08-17 23:37:18
2018-12-31,2021-10-02,2019-05-03 06:49:45,2020-12-24 20:08:28
2019-08-26,2021-08-06,2019-03-19 17:58:38,2021-01-23 18:22:02
2019-01-10,2020-12-19,2019-10-21 09:59:08,2021-09-30 03:02:48
2019-01-31,2021-10-28,2019-01-04 12:03:35,2021-01-16 09:52:27
2018-12-27,2021-07-15,2019-02-19 02:45:12,2021-08-19 20:25:48
2019-06-09,2021-07-29,2018-12-02 14:17:40,2021-04-17 01:45:51
2019-09-11,2021-03-23,2019-08-18 20:49:41,2021-03-30 05:18:02
2018-12-23,2021-07-07,2019-01-19 10:12:57,2021-07-04 12:00:45
2019-01-13,2021-03-01,2018-11-08 00:58:02,2021-02-09 01:27:23
2018-12-07,2021-08-31,2019-09-19 23:20:34,2021-08-15 20:32:08
2019-04-29,2020-12-23,2019-03-18 07:28:14,2021-07-07 01:39:59
2018-11-09,2021-09-17,2019-01-03 20:48:39,2021-01-07 12:19:52
2019-08-01,2021-05-13,2018-12-13 19:36:50,2021-10-23 00:40:01
2019-02-24,2021-02-01,2019-09-02 17:04:18,2021-02-08 04:57:51
2019-03-03,2021-10-05,2019-04-18 21:33:15,2021-07-07 00:25:44
2019-05-03,2020-12-13,2019-05-19 16:19:33,2020-12-25 18:49:43
2019-02-09,2021-08-17,2019-10-13 02:32:27,2020-11-14 18:03:51
2019-03-07,2021-03-17,2019-04-26 17:25:03,2021-03-03 18:28:57
2019-09-28,2021-01-03,2019-01-10 02:32:57,2021-07-05 22:23:37
2019-06-05,2021-10-07,2019-04-13 21:54:55,2021-09-21 04:40:01
2019-02-11,2021-03-26,2019-09-28 16:51:03,2021-09-06 15:31:40
2019-06-06,2021-10-23,2019-04-15 00:59:49,2021-06-17 12:48:09
2019-06-02,2021-07-08,2019-01-14 14:15:59,2021-10-25 06:47:46
2019-10-26,2021-03-20,2019-08-04 20:58:48,2021-09-29 02:55:09
2019-09-01,2021-05-20,2019-02-11 18:39:50,2021-07-27 22:45:56
2019-10-26,2021-10-17,2019-09-26 07:09:23,2021-07-06 11:47:29
2019-08-07,2020-12-17,2019-03-21 05:49:46,2020-11-10 17:04:38
2019-08-29,2021-07-12,2019-07-15 14:27:25,2021-08-12 01:28:07
2019-06-13,2020-11-02,2019-05-28 05:21:13,2020-12-19 19:23:51
2019-02-09,2021-07-07,2019-07-17 11:58:31,2020-11-17 10:57:11
2019-04-30,2021-08-27,2019-09-28 19:57:58,2021-06-26 23:36:26
2019-08-13,2021-03-13,2018-12-13 04:53:23,2021-09-05 07:25:17
2019-08-07,2021-09-21,2019-03-13 16:55:18,2021-02-28 15:21:42
2019-03-04,2021-03-13,2019-08-05 13:31:41,2021-10-21 21:23:09
2019-03-24,2021-01-03,2019-08-02 09:19:19,2021-09-27 00:19:01
2019-10-04,2021-10-23,2019-10-05 12:19:35,2020-11-20 23:57:33
2019-02-06,2020-11-29,2019-02-02 05:24:01,2021-09-02 03:18:07
2019-10-07,2021-09-25,2019-09-06 07:17:24,2021-01-18 00:32:38
2019-06-14,2021-02-28,2018-12-14 14:04:30,2021-06-22 03:14:07
2019-04-24,2021-06-29,2019-04-21 08:51:30,2021-01-17 23:21:42
2019-10-28,2021-08-13,2019-10-13 06:22:02,2020-12-04 07:26:26
2019-04-05,2021-01-30,2019-08-11 19:40:08,2021-08-14 09:23:00
2019-03-26,2021-09-29,2019-09-04 23:57:34,2021-07-13 11:41:25
2018-12-01,2021-06-13,2019-07-15 12:55:55,2021-05-13 21:01:37
2019-03-02,2021-03-28,2019-07-31 10:17:59,2021-08-26 01:33:14
2019-03-06,2021-07-26,2019-06-13 09:28:55,2020-11-08 06:53:36
2019-04-05,2021-06-18,2019-02-08 02:03:56,2021-08-30 03:37:40
2019-08-10,2020-11-17,2019-06-26 05:34:07,2021-02-01 07:54:32
2019-05-20,2021-10-13,2019-01-14 11:53:27,2020-12-12 16:50:45
2019-08-17,2020-11-02,2019-09-26 19:35:33,2020-11-14 22:15:38
2019-07-26,2021-03-21,2019-08-17 18:19:06,2021-08-08 22:45:53
2019-05-29,2021-08-19,2019-03-08 09:41:27,2021-02-01 15:03:04
2019-04-10,2021-06-29,2019-02-19 09:35:30,2021-09-17 01:00:30
2019-08-26,2021-03-19,2019-06-15 12:31:23,2021-06-29 00:24:10
2019-08-07,2021-02-07,2019-07-04 05:54:57,2021-05-14 13:57:44
2018-12-17,2021-10-16,2019-08-25 01:12:20,2021-02-14 16:34:18
2019-04-26,2021-10-10,2019-01-23 04:32:16,2021-08-24 09:39:39
2019-03-03,2021-09-16,2018-12-22 13:24:48,2021-08-22 15:52:42
2018-11-21,2021-08-15,2019-02-07 09:56:51,2021-03-21 17:21:58
2019-09-21,2021-07-10,2019-10-13 07:46:40,2021-04-19 06:27:46
2019-09-24,2020-12-30,2019-09-02 18:58:31,2021-04-23 00:07:12
2019-07-28,2021-05-20,2019-08-01 13:25:22,2021-02-17 20:33:00
2019-02-20,2021-03-04,2019-07-29 17:04:28,2021-06-26 13:40:12
2019-01-24,2021-09-29,2019-04-02 00:15:46,2021-06-08 16:17:17
2019-06-20,2021-06-11,2019-04-20 15:09:16,2021-03-04 01:52:52
2019-09-24,2021-10-25,2018-11-15 08:56:07,2020-11-10 19:16:59
2019-03-28,2021-07-21,2019-04-23 18:42:13,2020-11-01 15:34:34
2019-01-21,2021-04-21,2019-10-16 20:37:14,2020-12-14 22:09:33
2019-01-09,2021-09-30,2019-03-13 12:49:54,2021-03-14 22:44:39
2019-02-21,2021-08-05,2019-04-29 04:31:17,2021-09-09 11:12:39
2019-07-21,2021-04-07,2019-02-27 20:09:17,2021-04-01 01:00:05
2019-08-27,2020-12-20,2019-09-02 02:17:08,2021-03-27 05:36:19
2019-09-30,2021-10-19,2019-08-31 08:39:40,2021-01-01 00:56:04
2019-10-21,2021-06-28,2018-11-02 02:35:23,2021-01-03 19:55:58
2019-03-15,2020-12-06,2019-10-14 22:28:59,2021-05-25 22:16:39
2019-06-05,2021-08-19,2019-03-17 02:50:38,2021-09-06 11:07:15
2019-10-30,2021-04-07,2019-05-30 06:02:58,2021-09-28 19:17:16
2019-05-05,2021-03-28,2019-05-13 14:08:56,2020-11-09 21:14:00
2019-04-30,2021-01-13,2019-01-18 16:23:17,2021-05-12 07:09:57
2019-06-05,2021-07-27,2019-09-13 17:15:00,2021-06-05 06:32:48
2019-09-25,2021-05-17,2019-10-27 08:35:30,2021-05-11 12:24:57
2019-03-18,2021-01-01,2019-06-26 14:59:11,2021-05-10 05:54:00
2019-04-22,2021-01-14,2019-01-01 04:41:13,2020-11-06 13:40:03
2019-03-29,2021-09-03,2019-09-06 08:06:28,2021-02-12 04:37:26
2018-12-20,2020-12-11,2019-05-14 12:49:28,2021-05-19 03:04:09
2019-04-30,2021-08-30,2019-08-21 09:35:32,2021-01-20 04:15:11
2019-08-17,2021-04-08,2019-07-25 03:57:09,2021-03-08 19:47:31
2019-05-22,2021-01-17,2019-03-03 22:20:25,2021-02-05 18:18:30
2019-06-13,2021-05-05,2019-09-02 11:22:51,2021-03-18 09:44:15
2018-11-07,2021-07-19,2019-01-16 16:23:31,2021-10-17 13:48:57
2019-02-18,2020-12-17,2018-11-24 06:58:25,2021-10-10 14:24:49
2019-05-12,2021-02-09,2019-03-17 00:20:29,2020-11-15 21:59:24
2019-08-28,2021-03-29,2018-11-11 05:45:30,2021-02-14 03:07:50
2019-05-11,2021-09-17,2018-11-19 20:42:43,2020-12-02 05:17:37
2019-06-30,2021-06-14,2019-09-05 22:06:19,2021-05-12 19:40:38
2018-12-14,2021-04-05,2019-03-11 09:45:12,2021-05-30 20:01:49
2019-04-19,2021-03-09,2018-12-28 19:55:20,2021-08-12 23:02:24
2019-10-15,2021-08-18,2019-07-01 23:22:01,2021-02-11 14:37:51
2019-10-14,2021-01-21,2019-05-22 08:27:26,2021-07-02 06:40:28
2019-07-16,2020-12-19,2019-02-20 19:55:16,2021-09-05 04:01:47
2019-08-26,2021-08-17,2019-08-21 21:47:11,2021-09-07 06:59:56
2019-10-01,2021-02-09,2019-06-17 15:14:40,2021-01-06 16:31:18
2019-09-28,2021-08-26,2019-05-20 14:11:29,2021-05-25 22:19:44
2019-10-02,2021-04-22,2019-03-22 21:58:51,2021-01-04 15:16:05
2018-11-03,2020-12-30,2019-09-11 19:11:11,2021-01-04 16:45:28
2019-07-09,2021-10-17,2018-12-19 19:57:11,2020-11-25 11:32:16
2019-10-12,2020-11-29,2019-08-15 00:22:19,2021-01-06 10:03:40
2019-05-15,2021-02-17,2019-01-05 11:26:18,2021-02-12 07:05:41
2018-12-24,2021-07-02,2019-08-20 03:39:15,2021-06-22 06:57:07
2019-10-28,2021-02-14,2019-09-05 01:11:02,2021-03-29 21:33:59
2019-07-14,2020-12-21,2019-04-26 05:32:57,2020-11-25 14:09:22
2019-05-25,2021-10-11,2018-11-18 02:32:11,2021-08-16 14:19:33
2019-03-31,2021-05-12,2019-08-27 06:43:29,2020-12-04 03:55:03
2019-08-22,2020-12-25,2019-09-08 08:18:22,2021-05-23 14:41:54
2019-03-03,2021-02-16,2019-08-12 22:29:54,2020-12-26 06:41:41
2019-01-22,2021-02-08,2019-09-13 20:55:15,2021-02-09 15:45:21
2018-12-26,2021-04-28,2019-06-27 04:03:27,2021-02-09 05:37:14
2019-08-19,2021-09-08,2019-08-31 22:12:20,2021-03-15 00:11:14
2019-05-07,2021-09-13,2019-08-17 14:13:27,2020-12-03 22:53:57
2019-09-16,2021-03-07,2018-11-08 19:59:33,2021-03-20 18:58:22
2019-06-19,2021-07-12,2019-09-19 06:25:43,2021-03-12 06:59:10
2019-02-16,2021-03-06,2019-04-26 18:37:30,2021-08-25 18:19:01
2018-12-14,2021-10-11,2019-03-06 06:34:03,2021-10-21 17:58:43
2019-07-30,2021-09-14,2019-08-04 13:21:13,2021-01-25 08:46:25
2019-04-19,2020-11-26,2019-05-27 11:34:27,2021-01-03 05:48:15
2019-05-11,2021-09-19,2019-03-05 04:59:34,2020-11-02 23:16:22
2018-11-13,2021-06-09,2019-05-31 23:46:02,2021-06-13 05:55:52
2019-08-24,2021-06-13,2019-08-11 09:13:04,2020-12-18 19:53:50
2019-02-10,2021-02-20,2019-05-15 19:57:06,2021-09-27 02:30:56
2019-05-17,2021-04-22,2018-11-02 04:38:14,2021-10-14 23:23:00
2019-02-16,2021-08-24,2018-11-14 10:55:29,2021-06-19 00:22:32
2019-04-24,2020-12-23,2019-10-12 16:22:13,2021-04-27 20:08:42
2019-01-25,2021-06-04,2019-06-19 04:38:11,2021-07-29 03:09:47
2018-12-10,2020-11-26,2019-06-24 15:23:07,2020-11-25 16:33:15
2019-09-20,2021-09-19,2019-08-17 13:27:31,2020-11-10 17:44:11
2019-09-25,2021-10-15,2019-05-20 20:58:30,2020-11-28 13:53:43
2019-06-10,2021-10-03,2019-07-16 02:43:21,2020-12-30 05:32:06
2019-06-24,2021-08-08,2019-09-29 07:46:12,2021-05-30 02:53:58
2019-08-05,2021-07-06,2018-12-09 13:27:53,2021-05-13 05:44:36
2018-12-18,2021-08-28,2019-01-15 12:33:26,2021-01-13 23:26:36
2019-07-09,2021-07-07,2019-05-22 00:57:00,2021-08-07 17:11:17
2019-05-17,2020-11-16,2019-10-23 08:55:29,2021-06-03 10:53:38
2019-07-31,2021-05-11,2019-07-31 11:30:45,2021-07-14 15:42:49
2019-10-14,2021-01-19,2019-04-12 20:05:10,2021-03-15 03:22:08
2019-06-13,2021-02-22,2019-09-12 14:03:34,2021-01-12 17:29:01
2019-08-19,2021-04-07,2019-09-10 07:36:17,2021-09-01 18:06:00
2019-10-16,2021-01-01,2019-10-14 04:43:57,2021-04-22 12:08:23
2019-07-09,2021-05-17,2019-01-08 23:56:56,2021-03-04 19:28:53
2019-07-11,2020-12-15,2019-08-23 09:30:57,2021-09-24 00:55:50
2019-08-09,2020-12-28,2019-07-16 04:36:51,2021-02-12 03:52:38
2018-11-25,2020-12-27,2018-11-12 10:52:13,2021-07-01 04:44:26
2018-11-30,2021-06-07,2019-09-14 14:38:35,2021-04-25 06:31:56
2019-01-13,2020-12-14,2019-08-15 02:33:36,2021-01-24 06:23:43
2019-05-03,2021-05-26,2019-04-09 21:21:10,2020-11-06 13:29:44
2019-10-04,2021-04-25,2019-10-15 13:55:21,2020-12-15 15:51:40
2019-08-11,2021-05-24,2019-01-01 08:42:25,2021-03-06 14:47:51
2018-12-28,2021-02-15,2019-06-10 20:37:24,2021-09-08 05:17:52
2019-08-07,2021-07-07,2019-05-19 08:56:06,2021-05-14 15:33:20
2019-01-17,2021-09-04,2019-03-20 11:14:07,2021-06-25 06:42:36
2018-12-22,2021-09-16,2019-03-22 14:12:51,2021-03-17 21:04:42
2019-01-18,2021-07-05,2019-09-28 21:36:36,2021-04-10 09:45:46
2019-08-14,2021-01-16,2019-09-20 00:27:05,2021-07-27 09:54:13
2018-11-29,2021-05-16,2019-06-19 05:01:23,2021-08-27 15:21:46
2018-11-17,2021-10-08,2019-06-30 22:53:37,2021-05-16 01:00:31
2019-02-10,2020-12-21,2019-09-22 07:24:00,2020-11-01 10:00:30
2019-09-06,2021-10-10,2018-12-08 22:55:15,2021-02-16 04:59:08
2019-07-25,2021-06-09,2019-03-15 09:05:24,2021-07-22 16:21:53
2019-04-22,2021-10-02,2019-05-13 02:53:58,2021-08-07 23:30:31
2019-03-16,2021-08-25,2019-06-07 23:57:30,2021-04-10 03:50:59
2019-08-14,2021-03-05,2018-12-18 06:28:02,2021-08-25 01:57:48
2019-08-09,2021-02-07,2019-01-03 17:41:55,2021-04-10 07:49:45
2019-07-13,2021-06-01,2019-03-02 23:39:41,2021-07-19 12:12:47
2018-12-23,2021-02-14,2019-01-18 00:36:02,2020-12-06 10:24:59
2019-02-27,2020-11-07,2018-11-05 13:06:11,2021-10-02 16:52:02
2019-01-15,2020-11-11,2019-08-15 07:57:58,2021-07-27 23:29:48
2018-12-14,2021-01-12,2019-02-13 23:00:57,2021-04-07 13:44:01
2018-12-30,2021-04-30,2019-06-13 23:33:40,2021-01-11 14:24:06
2019-06-30,2020-11-08,2019-04-10 11:50:26,2021-02-25 00:55:59
2019-02-12,2020-12-22,2019-10-09 03:43:36,2021-07-27 19:28:29
2019-02-24,2020-12-05,2019-08-23 19:32:59,2021-04-17 04:55:23
2019-03-03,2021-04-08,2019-05-30 20:52:11,2021-02-10 17:08:52
2019-10-15,2021-06-01,2018-11-22 07:19:48,2021-01-29 03:57:46
2019-08-11,2021-07-23,2018-11-28 21:06:03,2021-04-28 08:25:42
2018-11-11,2021-09-04,2019-06-19 14:19:17,2020-12-03 17:02:34
2018-12-17,2021-09-06,2019-04-04 13:31:51,2021-02-01 12:15:02
2019-07-06,2021-01-20,2019-09-05 16:06:53,2020-12-01 23:45:53
2019-02-04,2021-03-23,2019-10-15 01:14:38,2021-03-11 07:54:58
2019-08-07,2021-08-26,2019-06-19 04:58:51,2021-04-08 11:27:10
2019-04-20,2021-02-07,2019-06-17 20:11:20,2021-08-12 15:41:29
2019-07-17,2021-03-07,2019-08-08 20:32:04,2021-04-12 14:38:07
2019-03-26,2020-12-10,2018-12-16 02:06:33,2020-11-24 13:34:42
2019-03-13,2021-02-02,2019-03-07 22:45:19,2021-03-08 22:15:52
2019-08-04,2021-01-26,2019-10-16 06:52:58,2021-02-15 17:16:57
2019-02-05,2020-11-30,2019-02-11 15:12:46,2021-04-29 13:30:07
2019-08-02,2021-10-28,2019-05-15 21:40:13,2021-04-15 14:16:44
2019-07-17,2021-05-31,2019-03-14 10:11:26,2021-07-10 21:54:55
2019-09-19,2020-12-08,2018-12-23 06:13:19,2021-03-04 05:35:29
2019-06-08,2021-06-27,2018-12-13 14:39:27,2021-01-24 01:46:16
2019-05-14,2021-04-03,2018-12-25 21:08:43,2021-01-18 23:52:46
2019-04-05,2021-02-06,2018-11-20 10:17:48,2021-06-22 17:30:10
2018-11-21,2021-02-28,2019-02-09 00:27:21,2020-12-02 03:36:26
2019-10-11,2021-05-31,2019-08-30 22:34:16,2021-03-13 23:17:03
2019-01-19,2021-09-06,2019-06-24 01:48:46,2021-04-24 23:13:13
2019-01-07,2021-10-11,2019-06-07 18:36:18,2021-01-10 08:27:49
2019-09-20,2021-03-08,2019-04-22 01:21:12,2021-05-01 19:36:59
2019-09-02,2021-03-19,2019-10-18 08:18:44,2021-06-20 17:45:25
2019-08-18,2021-04-08,2018-12-18 20:27:41,2021-03-10 19:58:46
2019-03-07,2021-07-22,2019-06-13 07:11:19,2020-11-01 19:38:39
2019-07-06,2021-01-18,2019-07-24 18:41:42,2021-07-01 03:01:49
2019-02-06,2021-05-12,2019-08-04 06:13:43,2021-05-18 04:41:34
2019-02-22,2020-11-06,2019-10-23 07:20:25,2021-08-19 08:50:34
2019-09-23,2021-04-26,2019-04-11 02:10:15,2021-07-19 09:03:07
2019-02-11,2021-04-18,2018-11-27 00:56:43,2020-11-21 08:52:02
2019-10-11,2021-05-07,2019-05-31 09:50:51,2021-01-15 11:19:27
2019-03-12,2020-12-13,2019-05-13 14:28:29,2021-07-06 17:01:03
2019-10-20,2020-11-10,2019-01-25 09:29:08,2020-11-20 15:17:43
2019-03-20,2021-08-22,2018-12-12 08:05:42,2021-02-13 16:23:41
2019-08-12,2021-10-27,2019-05-06 20:05:55,2021-02-23 20:59:18
2018-11-03,2021-07-24,2019-08-10 03:36:21,2020-11-25 00:20:54
2019-04-25,2021-03-23,2019-09-25 18:51:31,2021-07-24 15:24:47
2018-12-01,2021-06-20,2019-01-17 16:54:14,2021-05-07 01:52:15
2019-06-10,2020-12-09,2019-07-12 22:33:17,2021-01-28 20:21:24
2019-05-17,2021-04-17,2019-09-10 11:02:07,2021-10-03 00:53:41
2019-04-16,2021-04-12,2019-03-18 04:40:02,2021-05-30 12:46:36
2019-05-26,2021-06-22,2019-02-11 23:24:30,2021-08-11 00:44:05
2019-07-10,2021-02-07,2018-11-27 23:53:54,2021-07-24 19:03:11
2019-10-31,2021-05-26,2018-11-02 09:28:47,2020-12-05 22:37:22
2019-06-22,2021-03-12,2019-08-20 23:18:47,2021-04-02 10:23:36
2019-07-19,2021-05-28,2019-03-07 04:58:40,2021-01-21 22:22:09
2018-12-17,2021-06-03,2019-02-28 13:14:44,2021-01-05 13:26:49
2019-08-22,2020-11-15,2019-07-04 17:04:28,2021-03-26 09:17:48
2019-02-02,2021-05-22,2019-10-28 07:49:44,2020-12-28 13:03:32
2019-04-18,2021-10-29,2019-01-25 18:00:05,2020-11-13 15:18:23
2019-06-05,2021-05-29,2019-03-14 00:25:53,2021-06-12 16:58:47
2019-01-25,2021-09-29,2018-11-10 23:04:15,2020-12-08 06:54:05
2019-07-08,2021-06-19,2019-08-23 03:37:28,2020-12-30 07:09:07
2019-03-26,2021-01-26,2018-12-24 13:43:43,2021-07-04 18:51:13
2019-01-12,2021-02-20,2019-03-22 18:15:40,2021-07-09 10:05:19
2019-06-03,2021-04-13,2019-04-09 11:02:52,2020-12-01 13:30:18
2019-01-09,2020-12-21,2019-07-22 05:58:59,2021-03-10 00:25:35
2019-03-09,2021-04-08,2019-07-25 13:49:56,2021-08-05 00:12:43
2019-08-17,2021-06-10,2019-01-26 15:25:48,2021-05-24 01:14:05
2019-09-22,2020-11-03,2019-06-13 05:17:29,2021-04-15 07:38:17
2019-05-12,2020-12-17,2019-05-30 23:56:05,2021-04-24 06:41:59
2019-02-14,2021-03-08,2019-09-21 13:47:59,2021-07-06 17:01:54
2019-07-03,2020-11-01,2019-07-01 16:44:35,2021-03-09 07:41:05
2019-04-20,2021-06-05,2018-12-03 22:26:30,2021-03-25 15:13:22
2019-06-02,2021-06-26,2019-06-23 16:01:51,2021-01-21 08:08:27
2018-12-10,2021-09-23,2019-04-21 11:03:53,2021-05-26 14:55:21
2019-06-01,2021-04-16,2019-10-14 20:08:29,2021-07-06 12:41:29
2019-08-09,2021-09-30,2019-05-05 17:17:09,2021-02-07 09:19:09
2019-08-22,2021-05-29,2019-07-10 19:18:07,2021-07-20 00:51:33
2019-01-18,2021-09-17,2019-09-16 09:46:44,2020-12-09 18:37:38
2019-07-15,2020-12-12,2019-03-16 15:54:04,2021-09-30 20:02:34
2019-05-21,2021-07-16,2018-11-03 01:21:13,2021-07-26 04:06:17
2019-01-04,2021-06-07,2019-01-17 03:37:29,2021-04-04 07:11:35
2019-03-31,2021-02-26,2019-04-09 21:53:05,2020-11-26 18:13:36
2019-01-01,2021-05-04,2019-01-02 07:23:15,2021-10-01 21:11:58
2019-01-25,2021-08-07,2018-11-23 06:19:17,2020-12-13 20:11:51
2019-08-01,2021-08-07,2019-03-15 06:32:42,2021-10-05 06:03:32
2019-04-26,2020-12-22,2019-09-29 05:58:43,2021-06-18 23:30:32
2019-06-18,2021-06-15,2018-12-22 15:16:08,2021-07-15 22:45:28
2019-05-26,2021-07-10,2019-01-31 10:08:40,2021-06-17 19:02:36
2019-09-13,2021-09-27,2019-04-14 01:19:15,2021-05-22 02:56:49
2019-10-09,2021-02-07,2019-07-03 03:53:15,2021-03-31 22:12:02
2019-02-23,2021-04-11,2019-06-29 06:42:18,2021-05-02 16:40:17
2019-05-17,2021-09-29,2019-02-12 06:42:34,2021-04-05 07:20:25
2018-11-01,2021-04-02,2018-11-27 07:48:43,2021-05-21 01:32:40
2018-12-16,2021-10-08,2019-05-19 23:22:25,2021-01-16 23:08:27
2018-12-25,2020-11-30,2019-01-10 15:47:50,2021-09-27 23:00:06
2019-10-08,2021-06-07,2019-08-08 13:40:07,2021-09-22 01:03:13
2019-01-18,2021-06-17,2019-08-23 03:52:27,2020-12-08 05:20:04
2019-02-14,2021-01-10,2019-08-23 15:45:48,2021-08-17 17:23:08
2019-03-07,2021-03-03,2019-10-12 19:29:35,2021-05-11 23:28:47
2018-12-18,2021-10-27,2018-12-25 09:21:46,2021-04-23 21:41:06
2019-01-21,2021-06-26,2019-06-15 08:07:06,2021-06-01 23:28:48
2019-04-20,2021-04-05,2019-06-13 03:39:03,2021-09-13 20:21:59
2019-02-19,2021-03-06,2019-02-09 08:40:39,2021-09-15 14:57:30
2019-02-12,2020-12-22,2019-05-12 22:50:20,2020-11-09 00:34:11
2019-08-26,2021-03-05,2019-08-24 12:33:43,2020-12-23 01:41:43
2019-09-08,2021-04-04,2019-08-10 16:17:35,2020-11-02 03:58:30
2019-10-27,2021-04-20,2018-11-09 08:57:17,2021-04-25 11:58:23
2019-03-03,2021-06-20,2019-04-25 20:50:36,2021-04-19 15:42:43
2019-06-13,2021-06-21,2019-10-14 04:22:20,2021-07-05 22:51:16
2018-12-20,2021-10-01,2019-05-11 13:34:06,2021-06-06 21:53:23
2018-12-10,2021-03-15,2019-03-10 21:39:50,2021-05-29 17:56:56
2019-04-29,2021-08-06,2019-05-14 06:46:31,2021-08-16 17:02:53
2019-06-13,2021-07-24,2019-09-10 11:13:54,2021-01-23 03:36:31
2019-09-21,2021-04-22,2019-08-12 04:46:22,2021-01-08 04:35:29
2019-07-22,2021-04-05,2018-12-17 22:29:34,2020-12-28 07:03:10
2019-09-13,2021-04-11,2019-10-08 18:19:43,2021-03-13 10:34:21
2019-10-31,2021-02-19,2018-11-09 09:38:11,2021-01-09 16:43:45
2019-07-03,2021-05-14,2019-01-10 02:17:44,2021-06-25 21:45:48
2019-03-23,2021-09-14,2019-06-05 10:09:02,2021-04-04 08:44:46
2019-09-27,2020-12-06,2019-09-22 13:06:23,2021-02-08 23:46:45
2019-03-02,2021-01-09,2019-01-23 08:36:54,2021-08-23 11:38:15
2019-07-14,2021-02-05,2019-05-11 10:09:19,2021-01-21 18:20:37
2019-08-27,2021-04-28,2019-10-06 14:03:15,2020-11-27 10:39:11
2019-08-24,2020-12-05,2019-06-08 17:08:47,2021-07-07 21:28:47
2019-02-25,2021-04-21,2019-03-25 21:46:00,2021-07-24 08:31:22
2019-03-12,2021-02-01,2019-08-26 04:29:10,2021-01-02 03:02:51
2019-01-13,2021-08-28,2019-06-10 11:03:12,2021-07-28 04:18:56
2019-09-02,2021-10-08,2019-09-21 10:40:51,2021-03-08 22:45:35
2019-07-11,2021-04-10,2019-09-29 07:16:07,2021-05-16 06:51:34
2019-01-06,2021-06-02,2019-05-07 04:06:08,2021-10-16 07:51:16
2018-12-02,2021-09-13,2019-06-04 09:10:58,2021-10-29 18:17:21
2019-04-28,2021-03-23,2019-07-16 14:05:15,2021-08-02 14:58:27
2019-09-06,2021-01-09,2019-04-22 09:28:47,2021-01-22 21:41:10
2019-05-07,2020-11-08,2019-03-09 00:51:04,2020-12-10 14:33:41
2019-03-14,2021-02-14,2018-12-26 05:43:21,2020-12-23 17:51:07
2019-07-06,2021-06-26,2019-09-24 16:18:04,2021-04-30 23:39:04
2019-08-05,2021-03-28,2019-09-18 19:30:27,2021-05-31 07:56:35
2019-09-27,2021-02-03,2019-01-05 20:07:53,2021-05-09 01:48:37
2019-04-16,2021-09-25,2019-03-22 09:29:13,2021-02-02 18:00:39
2019-08-09,2021-06-28,2019-09-15 08:03:27,2021-02-18 11:50:40
2019-04-14,2020-12-03,2019-05-02 19:03:27,2021-04-25 23:42:57
2018-12-31,2021-07-29,2018-12-18 14:03:54,2021-04-25 02:51:14
2019-02-28,2021-10-30,2019-09-24 15:34:03,2020-11-23 16:50:15
2018-11-30,2021-08-31,2019-08-08 02:28:14,2021-09-21 07:13:34
2019-06-13,2021-07-24,2019-05-13 15:14:27,2021-03-01 13:12:41
2019-01-18,2021-04-29,2019-10-09 09:47:25,2021-02-16 19:38:50
2019-08-03,2021-07-12,2019-06-30 14:35:57,2021-10-29 19:51:09
2019-02-07,2021-06-29,2019-02-13 18:01:39,2021-06-21 00:35:24
2019-03-02,2021-04-01,2019-01-20 13:23:06,2021-05-04 10:22:07
2019-03-09,2021-06-01,2019-05-05 17:56:25,2021-09-03 17:22:22
2019-05-27,2021-04-02,2019-05-30 07:38:03,2021-04-14 18:03:09
2019-01-12,2021-09-20,2019-03-01 22:59:01,2021-06-17 07:47:10
2019-01-11,2021-03-27,2019-01-22 19:36:34,2021-08-26 03:57:50
2019-08-08,2020-12-12,2018-12-16 11:24:41,2021-08-24 16:06:50
2019-07-08,2020-12-29,2018-12-28 18:42:02,2021-03-05 04:51:30
2019-10-08,2021-02-08,2019-07-23 16:19:29,2020-12-23 09:56:26
2019-03-31,2021-01-19,2018-12-02 21:56:05,2021-04-15 22:52:56
2019-06-30,2021-10-16,2019-01-09 23:44:51,2021-03-31 15:32:53
2019-10-05,2021-01-16,2019-01-16 12:30:15,2020-12-10 09:06:22
2018-11-24,2021-10-19,2019-06-20 12:58:17,2021-03-05 10:52:16
2019-09-21,2021-01-30,2019-08-27 04:27:28,2021-06-12 21:51:39
2019-06-27,2021-06-09,2019-02-12 14:53:17,2020-11-07 14:40:28
2019-02-28,2020-11-21,2019-09-12 03:52:00,2021-05-08 21:09:04
2019-03-06,2021-07-20,2019-09-17 17:30:41,2020-11-16 04:15:25
2019-02-14,2021-03-13,2019-10-29 16:57:41,2021-07-30 22:09:06
2018-12-04,2021-08-27,2019-06-17 07:41:40,2021-04-10 00:54:52
2018-12-15,2020-11-28,2019-08-14 01:50:32,2021-06-11 02:56:23
2019-09-04,2020-12-20,2019-02-19 11:36:09,2021-03-20 12:46:00
2018-12-05,2021-10-14,2019-09-27 14:30:51,2021-06-08 21:27:22
2019-03-30,2021-02-27,2019-07-23 05:57:09,2021-02-04 14:49:47
2019-01-02,2021-07-08,2019-05-14 05:53:09,2021-08-07 01:56:02
2019-08-08,2021-08-04,2019-05-12 10:14:58,2021-03-30 23:02:06
2019-01-14,2021-02-14,2019-08-02 06:26:29,2021-01-11 02:46:50
2019-06-23,2021-07-21,2019-07-23 12:43:08,2021-02-24 05:13:33
2018-12-14,2021-09-25,2019-08-01 17:45:53,2020-11-12 17:02:19
2019-10-23,2021-04-25,2019-06-17 00:58:50,2021-02-21 17:28:50
2018-12-04,2021-05-20,2018-12-30 20:15:14,2021-02-01 07:49:17
2019-02-27,2020-11-22,2019-03-09 03:32:52,2020-12-22 08:11:55
2019-02-22,2021-09-19,2018-11-15 11:48:11,2020-12-05 19:22:14
2019-05-04,2021-07-04,2019-01-23 14:51:26,2020-12-09 06:04:28
2019-07-17,2021-09-10,2018-11-30 01:04:05,2021-09-17 18:27:06
2019-10-15,2021-03-03,2019-09-20 06:57:32,2021-03-15 22:47:33
2018-12-26,2021-04-17,2019-09-28 13:41:46,2021-02-09 03:40:41
2019-10-27,2020-12-06,2019-09-26 19:35:23,2021-01-15 22:03:49
2019-10-31,2021-02-15,2019-02-24 20:57:15,2021-05-16 07:19:22
2019-03-27,2021-06-18,2019-07-01 20:59:53,2021-04-19 01:17:18
2019-09-20,2021-03-24,2019-05-02 23:47:57,2021-01-10 09:06:15
2019-01-26,2021-04-05,2019-03-03 21:00:24,2020-11-10 14:28:05
2019-02-19,2021-07-05,2019-07-18 10:27:01,2021-08-11 00:44:51
2019-07-19,2021-07-05,2019-08-23 16:30:35,2021-09-08 02:01:09
2019-04-06,2021-09-05,2019-10-01 19:17:09,2020-11-21 14:07:17
2019-09-22,2021-01-05,2018-12-31 08:09:31,2021-08-28 10:29:21
2018-11-29,2021-01-04,2019-05-17 21:43:45,2021-01-05 04:29:59
2019-08-19,2021-09-09,2018-12-14 08:33:42,2021-10-04 00:47:26
2018-12-06,2021-08-20,2018-11-04 22:29:45,2021-07-09 06:28:46
2019-01-24,2021-10-09,2019-09-16 17:52:19,2020-12-20 12:33:24
2019-04-23,2021-10-07,2019-07-27 04:20:07,2021-01-06 23:41:47
2018-11-28,2020-12-14,2019-10-07 20:13:16,2021-02-22 07:52:44
2019-02-28,2020-11-09,2019-10-25 16:45:04,2021-05-24 22:45:39
2019-05-27,2020-12-20,2019-02-13 22:28:27,2021-07-09 21:21:02
2019-05-24,2021-07-20,2019-04-22 21:56:50,2021-04-08 17:24:18
2018-12-04,2020-12-05,2019-03-16 23:14:30,2021-06-23 16:02:22
2018-11-11,2021-03-31,2019-06-22 19:43:03,2021-04-18 23:14:38
2018-12-27,2021-06-13,2018-11-14 18:16:32,2021-10-17 13:51:10
2019-06-01,2021-09-24,2019-07-12 12:33:55,2021-06-21 07:51:26
2019-04-08,2021-06-26,2019-09-18 05:03:30,2021-01-26 13:44:58
2018-11-18,2021-08-16,2019-08-20 06:25:02,2021-03-25 10:53:48
2019-01-08,2020-11-04,2019-07-25 21:50:59,2021-08-12 07:27:12
2019-10-04,2021-03-16,2019-07-28 15:41:09,2021-05-07 12:53:54
2019-08-01,2021-03-19,2019-01-07 22:09:35,2020-12-16 03:41:11
2019-09-14,2021-07-30,2018-11-18 15:02:08,2021-04-03 07:44:20
2019-03-11,2021-06-28,2018-12-06 19:08:03,2020-11-29 10:06:58
2019-10-15,2021-02-15,2019-05-02 23:07:46,2021-01-29 23:27:09
2019-04-28,2020-11-23,2019-08-25 23:44:08,2021-01-08 00:09:02
2018-11-09,2021-09-27,2019-08-09 17:20:41,2020-11-28 00:27:15
2019-09-05,2021-07-08,2019-06-19 19:41:28,2020-12-26 17:08:44
2018-12-11,2021-06-18,2018-12-19 08:10:12,2020-11-13 04:16:44
2019-08-20,2021-08-04,2019-03-16 18:14:23,2020-12-09 15:08:48
2019-05-18,2021-07-24,2019-04-22 04:33:17,2021-03-30 21:14:34
2019-01-31,2020-12-07,2019-04-26 21:32:58,2021-03-09 15:45:43
2018-12-22,2020-11-23,2019-03-10 06:38:27,2021-03-02 20:37:01
2019-07-04,2021-02-26,2019-07-12 11:03:08,2021-10-11 20:31:29
2019-10-12,2021-09-16,2019-04-26 03:14:59,2021-08-02 17:04:59
2018-11-07,2021-02-12,2019-07-21 12:00:49,2021-09-25 21:20:34
2019-02-02,2020-12-22,2019-04-30 07:47:56,2021-07-18 18:32:50
2019-05-23,2021-10-02,2019-07-09 18:13:17,2020-12-27 03:27:49
2019-09-19,2021-07-26,2019-05-24 12:07:53,2021-07-01 14:45:43
2019-05-08,2020-12-02,2019-07-10 23:33:43,2021-06-09 10:46:19
2019-08-26,2021-03-20,2019-06-20 20:14:27,2021-10-22 21:17:38
2018-11-04,2021-03-13,2019-09-07 03:48:07,2020-11-14 16:51:39
2018-11-24,2021-07-08,2019-07-12 00:28:31,2021-06-16 22:43:09
2019-03-12,2021-09-17,2019-08-22 06:22:14,2021-03-10 23:57:19
2019-09-17,2021-05-31,2019-09-21 22:24:57,2021-08-26 21:27:58
2018-12-04,2021-03-10,2018-11-08 16:49:19,2021-06-04 22:02:54
2018-11-21,2021-04-04,2018-12-21 02:26:32,2021-07-22 15:00:24
2018-12-28,2021-10-21,2019-08-30 05:15:08,2021-03-25 12:36:45
2019-06-28,2021-08-03,2019-06-03 09:10:27,2021-03-13 17:52:32
2019-06-02,2021-05-04,2019-03-05 03:34:24,2021-03-14 22:27:09
2019-04-27,2020-11-17,2019-08-01 10:11:55,2021-08-02 16:57:58
2019-08-07,2020-12-12,2019-10-24 14:01:21,2021-08-30 16:08:20
2019-05-18,2021-05-20,2019-08-24 05:16:29,2021-07-27 06:59:51
2019-07-02,2021-01-29,2019-10-26 20:24:38,2021-09-03 22:01:42
2019-10-13,2021-10-31,2019-04-25 17:55:09,2021-09-11 19:02:04
2018-12-26,2021-02-27,2018-12-01 08:53:15,2021-10-12 12:55:59
2018-11-30,2021-08-22,2019-08-30 18:45:39,2020-11-05 00:52:16
2019-09-27,2021-10-22,2019-03-27 22:38:44,2021-07-21 06:49:25
2018-11-17,2021-07-21,2018-11-10 16:56:11,2021-01-09 07:09:04
2019-09-03,2021-09-17,2018-12-29 19:56:57,2021-08-11 21:11:59
2019-10-05,2021-04-14,2019-01-26 04:49:30,2021-10-18 03:29:10
2018-12-09,2021-10-15,2019-06-05 00:39:24,2021-10-26 10:43:46
2019-01-05,2021-01-09,2019-10-02 08:29:40,2020-12-24 20:26:38
2019-09-07,2021-10-09,2019-01-04 23:30:20,2021-10-23 04:43:15
2019-08-11,2021-09-22,2018-11-05 19:57:20,2021-02-10 19:25:34
2019-03-12,2021-09-22,2019-10-01 13:20:45,2021-10-25 10:23:38
2018-11-29,2021-04-08,2019-05-12 22:21:50,2021-06-03 01:32:21
2019-07-27,2021-01-14,2019-04-24 11:57:21,2021-02-27 08:25:57
2018-11-23,2021-02-06,2019-08-27 21:56:15,2021-10-03 15:17:04
2019-07-12,2020-12-17,2019-04-17 12:10:09,2021-09-10 15:43:32
2019-05-29,2021-05-12,2019-08-25 07:19:34,2021-05-01 17:22:49
2019-04-03,2021-08-13,2018-12-03 01:28:19,2021-04-18 04:07:19
2018-11-05,2021-06-08,2019-03-26 02:00:45,2021-06-14 23:03:42
2019-05-12,2020-11-26,2019-08-04 21:02:23,2020-12-29 00:19:04
2019-10-23,2021-05-19,2019-05-04 00:48:47,2021-09-13 21:45:00
2019-05-05,2021-03-23,2019-09-05 16:42:07,2021-03-10 13:32:04
2018-12-18,2021-03-01,2019-08-24 13:53:15,2021-02-22 07:04:18
2019-06-12,2020-12-19,2019-01-04 03:53:58,2021-10-26 16:15:12
2019-04-09,2021-02-13,2019-07-26 20:35:05,2021-07-26 10:52:39
2018-12-16,2020-11-26,2019-10-15 17:05:45,2021-10-05 14:19:20
2019-08-15,2021-06-24,2019-03-29 17:53:51,2021-05-28 19:47:51
2019-10-15,2020-11-18,2019-09-29 05:32:38,2021-06-08 13:22:24
2019-03-30,2021-07-11,2019-01-15 22:47:35,2020-11-02 19:25:39
2019-01-27,2020-11-22,2019-05-29 23:49:45,2021-08-22 21:53:23
2018-11-11,2021-06-06,2019-04-24 10:00:46,2021-02-24 23:14:52
2019-04-16,2021-10-27,2019-07-19 01:07:23,2021-08-01 01:23:28
2019-01-24,2021-09-16,2019-07-11 06:50:45,2021-04-24 16:37:11
2019-01-14,2020-11-19,2019-08-26 21:55:48,2021-08-14 16:18:47
2019-06-24,2021-02-23,2019-01-23 06:59:46,2021-02-09 07:48:06
2019-06-02,2021-05-07,2019-06-22 18:30:32,2020-12-30 02:24:59
2019-07-28,2021-05-23,2019-10-12 18:32:57,2021-04-16 15:44:49
2019-01-28,2021-04-18,2019-06-24 02:53:44,2021-10-04 10:17:47
2019-05-01,2021-07-11,2019-02-05 09:49:25,2020-12-05 20:38:12
2019-06-29,2021-09-01,2019-03-27 10:05:40,2021-10-31 07:19:56
2019-08-20,2021-04-03,2019-04-29 00:34:03,2021-01-24 08:11:10
2019-06-29,2020-12-10,2019-10-09 03:35:09,2021-02-15 10:18:58
2018-11-15,2021-04-20,2018-11-27 06:54:18,2021-08-03 22:02:32
2019-05-01,2021-10-07,2019-06-03 01:20:15,2021-01-05 07:53:06
2019-07-22,2021-01-03,2019-02-03 01:51:43,2021-08-22 06:29:37
2019-10-24,2020-11-10,2019-09-16 09:14:36,2021-08-16 20:24:07
2019-08-18,2021-05-27,2019-07-07 16:56:58,2021-09-27 05:17:27
2018-11-26,2021-06-28,2019-09-15 08:39:34,2021-03-07 04:22:19
2019-03-03,2021-08-08,2019-01-16 00:12:56,2021-02-12 11:36:28
2019-09-15,2021-04-19,2019-07-16 22:15:26,2021-07-31 16:47:19
2019-07-31,2021-08-05,2019-09-12 05:35:32,2021-05-11 12:25:13
2018-12-14,2021-06-16,2019-10-21 12:00:53,2021-01-27 10:51:27
2019-07-13,2021-06-11,2019-05-15 14:30:17,2021-09-04 12:51:19
2019-05-01,2021-08-29,2019-09-05 00:33:32,2020-12-11 01:38:49
2019-08-20,2021-06-06,2019-02-06 01:07:12,2020-11-28 14:19:25
2019-07-22,2020-11-20,2018-12-27 11:15:18,2021-06-14 03:09:22
2019-02-13,2021-01-19,2018-12-16 08:43:54,2021-04-13 12:20:37
2019-09-28,2021-07-26,2019-05-22 12:09:18,2021-10-14 10:49:29
2019-03-02,2021-03-10,2018-12-22 21:28:42,2021-03-21 02:44:38
2018-11-03,2020-11-03,2019-05-04 01:05:23,2020-11-29 13:20:38
2019-05-14,2021-06-13,2019-01-31 14:00:11,2020-12-04 17:03:27
2019-03-22,2021-08-24,2019-01-17 06:34:11,2021-10-05 03:14:01
2019-06-05,2021-03-12,2018-11-26 14:08:38,2021-04-03 21:00:29
2019-10-27,2021-05-07,2019-03-24 20:41:59,2021-06-05 19:18:05
2019-07-29,2020-12-01,2019-07-07 23:09:19,2021-02-22 03:05:33
2019-07-14,2021-01-02,2019-03-27 21:12:46,2021-02-23 21:34:02
2018-11-05,2021-10-13,2019-08-07 13:05:06,2021-04-29 14:16:59
2019-06-20,2021-06-02,2019-03-08 02:18:09,2020-11-04 14:49:39
2019-02-17,2021-03-31,2019-09-30 05:26:26,2021-02-04 07:45:24
2019-01-27,2020-11-24,2019-01-22 10:48:59,2021-01-27 17:33:42
2019-08-19,2021-03-03,2019-03-22 01:48:50,2021-09-10 18:09:04
2019-02-15,2021-01-17,2019-06-09 23:33:42,2021-04-02 20:23:09
2019-01-17,2021-06-15,2019-06-10 18:58:30,2021-07-14 18:51:38
2019-01-30,2021-05-30,2019-01-15 22:02:35,2021-06-22 09:59:01
2019-06-08,2021-07-14,2019-05-04 22:57:01,2021-08-22 01:41:02
2019-06-12,2021-09-05,2019-07-30 10:56:21,2021-10-13 04:57:52
2019-08-02,2021-04-03,2019-10-09 17:13:08,2021-02-01 15:13:34
2018-12-04,2021-03-11,2018-12-08 06:11:14,2021-07-11 14:15:32
2019-01-16,2021-07-11,2019-07-06 11:29:57,2021-09-27 05:46:03
2019-07-18,2021-05-28,2019-04-17 09:51:05,2021-07-26 07:07:36
2019-02-04,2020-11-05,2019-04-06 16:40:48,2021-06-11 07:59:53
2019-08-06,2021-07-15,2019-02-25 23:14:17,2020-11-05 16:10:22
2019-04-27,2021-04-13,2019-01-30 11:02:45,2021-09-11 17:38:50
2019-01-29,2021-02-22,2019-04-24 22:10:55,2021-03-18 11:40:09
2018-11-21,2021-03-29,2019-01-10 03:26:24,2021-08-08 08:41:17
2019-09-02,2021-04-09,2019-04-11 12:25:18,2021-10-19 12:25:12
2019-07-03,2021-03-17,2018-11-17 05:32:15,2021-06-05 02:48:37
2019-01-30,2021-05-02,2019-01-30 11:32:11,2021-01-02 15:02:59
2019-01-01,2021-01-09,2018-12-09 08:48:51,2021-03-04 00:46:23
2019-10-18,2021-09-04,2019-09-28 15:13:09,2021-08-17 22:52:33
2019-07-31,2021-07-24,2018-11-01 06:33:05,2021-05-31 04:00:54
2019-01-27,2021-07-18,2019-10-08 17:36:01,2021-10-28 22:43:59
2019-05-09,2020-11-04,2019-10-08 06:18:50,2021-04-12 03:44:38
2018-11-19,2021-10-30,2019-04-24 17:36:51,2021-01-06 14:10:50
2019-10-17,2020-11-30,2019-07-29 00:34:23,2021-09-23 07:12:43
2019-06-08,2021-01-29,2018-12-20 14:52:53,2020-11-19 17:21:56
2019-09-04,2021-07-13,2018-12-08 07:34:19,2021-04-01 11:03:46
2019-09-14,2021-08-24,2019-05-01 00:06:29,2021-08-24 13:42:38
2019-09-23,2021-09-08,2019-02-08 19:55:16,2021-04-06 02:23:21
2019-02-06,2021-03-26,2019-09-03 09:10:12,2020-12-24 03:54:09
2019-01-25,2021-08-21,2019-07-09 05:01:58,2020-12-08 15:02:37
2018-11-06,2021-07-03,2019-08-03 03:30:48,2021-08-03 12:08:46
2019-05-31,2021-05-28,2018-12-09 00:04:30,2021-03-16 03:37:01
2019-08-15,2021-05-01,2019-02-24 00:40:54,2021-06-19 16:28:49
2019-04-02,2021-04-12,2019-07-04 15:26:11,2021-04-22 02:47:59
2019-04-04,2021-09-27,2019-08-14 02:23:42,2020-12-23 13:44:54
2019-05-07,2020-12-13,2018-11-11 09:43:06,2021-08-24 19:33:55
2019-03-09,2020-12-29,2019-09-28 06:14:27,2021-08-23 07:15:30
2019-02-02,2021-05-21,2019-03-22 15:48:49,2021-03-22 02:32:36
2019-05-05,2021-05-17,2019-02-25 16:17:25,2021-09-07 15:22:41
2019-01-07,2021-04-03,2019-06-23 17:47:53,2021-09-20 13:28:20
2019-06-14,2021-04-20,2018-11-18 09:10:36,2021-07-04 08:09:22
2019-03-13,2021-09-20,2019-04-28 17:07:15,2021-07-31 07:36:39
2019-05-07,2021-04-01,2018-11-04 00:38:46,2021-05-17 11:35:18
2019-03-25,2021-10-22,2018-12-31 15:37:45,2021-02-15 12:38:43
2019-09-20,2021-04-02,2019-04-16 11:26:24,2021-01-28 06:47:55
2019-02-01,2021-07-10,2019-03-14 00:52:58,2021-05-07 02:45:24
2019-03-30,2021-07-27,2019-09-22 20:02:43,2021-05-28 14:07:11
2019-09-06,2021-10-19,2019-03-07 09:26:00,2021-01-22 05:50:06
2019-09-27,2021-04-10,2019-02-22 09:12:01,2021-05-28 06:00:02
2019-06-29,2021-05-12,2019-06-15 01:11:28,2021-04-03 17:16:13
2019-01-15,2021-08-25,2019-10-02 21:55:05,2021-06-22 03:16:23
2019-01-18,2021-06-07,2019-10-15 20:35:20,2021-08-30 22:36:07
2018-11-23,2021-07-06,2019-10-07 19:13:38,2021-03-12 21:41:42
2019-05-09,2021-10-28,2018-11-20 16:17:56,2021-06-06 15:14:43
2019-03-25,2021-04-17,2019-05-12 00:39:59,2021-03-01 09:29:04
2019-02-21,2021-02-08,2019-09-14 00:57:11,2021-04-04 05:06:38
2019-09-27,2021-03-22,2019-07-22 23:18:02,2021-10-12 07:55:46
2019-06-05,2020-12-10,2019-06-27 14:20:27,2021-10-28 11:40:40
2018-12-05,2021-03-05,2019-09-30 20:40:37,2021-10-30 19:53:37
2019-01-09,2021-01-25,2018-11-09 23:32:38,2021-02-22 05:55:31
2019-06-19,2020-12-21,2019-06-28 05:04:34,2021-02-02 00:37:12
2018-11-18,2021-08-04,2019-09-20 23:32:19,2021-05-01 08:42:18
2019-04-18,2021-05-27,2018-12-03 17:13:18,2021-01-07 16:13:08
2019-07-16,2021-02-12,2019-02-07 06:29:00,2021-09-30 04:31:06
2019-08-09,2021-05-24,2019-10-09 22:24:53,2021-10-25 12:04:03
2019-07-22,2021-10-28,2019-02-06 15:27:28,2021-06-25 21:08:49
2019-08-28,2021-10-22,2019-09-18 11:39:05,2021-04-27 22:38:15
2018-11-29,2021-10-29,2019-10-18 05:35:01,2021-03-21 16:33:29
2019-09-17,2021-05-18,2019-03-05 00:32:25,2020-11-24 22:28:47
2019-10-29,2021-05-21,2019-09-07 01:26:57,2021-06-20 10:46:28
2018-11-21,2020-11-22,2019-03-02 06:36:57,2021-05-21 17:07:14
2019-05-23,2021-05-28,2019-03-16 00:10:23,2021-07-20 11:27:31
2018-11-22,2021-04-30,2019-07-23 23:17:15,2021-03-18 20:02:27
2019-09-02,2021-10-25,2018-11-19 22:11:27,2021-07-05 11:14:20
2018-12-10,2021-01-28,2019-06-04 02:22:05,2021-08-08 21:47:00
2019-03-28,2021-01-18,2019-08-31 17:22:03,2021-08-05 10:07:56
2019-08-21,2021-10-20,2019-07-15 00:52:31,2021-05-06 16:15:03
2019-09-11,2021-04-18,2019-02-19 20:28:05,2021-05-15 01:05:49
2019-04-27,2021-05-08,2018-12-02 11:03:19,2021-01-31 18:11:45
2019-03-27,2021-03-13,2019-06-01 22:27:10,2020-12-18 17:38:44
2019-05-10,2020-12-16,2019-09-27 22:33:52,2021-05-28 19:48:24
2019-08-20,2020-12-20,2019-02-16 15:32:49,2021-05-14 21:12:16
2019-01-15,2021-06-07,2019-07-02 22:38:27,2021-03-10 19:41:44
2019-02-09,2021-10-16,2019-05-08 13:10:55,2021-04-23 17:47:53
2019-07-09,2021-08-19,2019-01-08 16:35:54,2021-02-06 22:51:20
2019-10-31,2021-06-02,2019-01-16 13:36:30,2021-09-18 15:00:34
2019-06-28,2021-04-10,2019-03-16 07:40:57,2021-03-10 13:42:40
2019-10-08,2021-09-14,2019-03-14 12:03:08,2020-11-10 11:20:50
2019-09-30,2021-06-12,2019-02-23 14:29:15,2020-11-07 14:23:55
2019-06-01,2021-05-19,2019-04-30 17:17:29,2020-12-23 20:06:30
2019-05-18,2021-06-20,2019-02-10 12:06:14,2021-08-09 23:05:24
2019-04-18,2021-04-21,2019-02-27 13:34:56,2021-10-21 15:20:37
2018-12-27,2021-07-07,2019-07-27 17:02:31,2021-05-03 08:09:44
2019-10-24,2020-12-27,2019-03-01 12:59:02,2021-09-26 21:15:42
2019-04-28,2021-01-27,2019-08-23 15:27:35,2021-09-21 17:18:36
2019-02-18,2021-03-15,2019-01-10 19:39:42,2020-11-23 01:33:42
2018-12-26,2021-02-27,2019-01-15 12:27:48,2021-04-04 07:04:04
2019-09-20,2020-12-09,2019-02-08 21:00:48,2021-03-06 14:36:55
2019-10-19,2021-01-08,2019-01-24 12:52:49,2021-02-01 16:06:40
2019-05-20,2020-11-19,2019-09-29 05:15:06,2020-11-20 20:46:59
2018-11-03,2021-06-05,2019-05-09 04:15:53,2021-09-22 11:21:08
2019-08-11,2021-10-26,2018-11-19 19:35:01,2021-05-21 22:25:57
2019-02-24,2021-04-03,2019-08-05 20:59:31,2021-08-16 19:18:35
2019-05-01,2021-08-18,2019-01-31 04:38:01,2021-09-08 01:59:52
2019-05-05,2021-06-16,2019-10-10 04:18:04,2021-08-15 10:00:35
2018-12-10,2021-05-22,2019-03-19 08:02:08,2021-06-18 07:00:05
2018-12-03,2021-07-31,2019-02-08 22:23:40,2021-06-19 18:09:11
2019-02-14,2021-05-31,2018-11-05 03:50:38,2021-02-05 15:53:54
2019-10-23,2021-08-06,2019-10-30 16:22:46,2021-04-07 15:34:56
2018-11-29,2021-10-29,2019-07-31 04:16:57,2021-02-24 15:49:04
2019-05-03,2021-03-11,2019-04-17 11:00:15,2021-06-29 04:43:09
2019-07-06,2021-02-22,2019-06-07 20:05:46,2020-11-20 11:13:05
2019-01-19,2021-07-28,2018-11-15 11:25:31,2021-02-07 13:48:27
2019-04-18,2020-11-22,2019-01-30 12:10:52,2021-10-23 22:54:41
2019-09-20,2020-11-03,2018-12-24 07:38:59,2021-05-27 01:16:13
2018-11-07,2021-09-18,2019-08-21 20:01:06,2021-09-27 17:55:28
2019-10-12,2021-02-20,2019-10-22 21:21:48,2021-09-12 00:42:37
2019-03-15,2021-07-26,2019-05-21 09:45:48,2021-06-24 08:55:54
2018-11-27,2021-02-05,2019-02-18 06:31:46,2021-05-11 19:42:51
2019-03-16,2021-06-17,2019-04-25 14:19:49,2021-09-11 08:49:02
2019-07-31,2021-04-03,2019-01-27 07:20:03,2021-05-01 17:05:53
2018-12-24,2020-12-28,2019-02-10 13:18:58,2021-03-10 04:04:52
2019-10-01,2020-12-03,2019-06-04 23:18:41,2021-05-27 17:23:06
2018-11-03,2021-01-24,2019-03-14 06:31:43,2021-09-20 03:59:45
2018-11-11,2021-03-21,2019-04-08 22:12:47,2021-06-07 14:06:32
2019-01-08,2021-04-22,2019-02-09 15:48:47,2021-03-21 14:20:45
2019-10-25,2021-01-02,2018-11-26 04:17:20,2021-01-29 13:43:08
2018-12-18,2021-05-07,2018-12-28 14:22:06,2020-11-24 18:21:10
2018-12-29,2021-06-26,2019-08-29 04:11:25,2021-04-10 06:11:10
2018-12-13,2021-04-10,2018-12-14 09:47:10,2021-06-09 19:04:38
2019-04-08,2021-04-26,2018-12-14 18:03:54,2020-12-03 19:12:49
2018-11-30,2021-09-15,2019-09-11 19:44:42,2021-05-30 00:14:34
2019-10-03,2021-09-30,2019-08-01 04:24:26,2021-06-08 05:47:40
2019-05-08,2021-09-07,2019-03-25 04:22:26,2021-10-15 02:29:59
2019-08-02,2021-10-20,2019-01-18 19:10:51,2021-09-30 09:24:22
2019-07-02,2020-11-27,2019-09-11 03:42:37,2021-03-12 02:20:56
2019-07-29,2021-09-24,2019-10-19 23:33:35,2021-02-16 05:25:39
2019-09-13,2020-11-29,2019-01-30 06:49:16,2021-02-09 04:11:50
2019-04-11,2021-02-24,2019-09-28 10:16:47,2021-02-07 04:48:06
