date,date_time_1,date_time_2
2022-08-08,2022-04-17 17:16:20,19-04-2022 23:02:32
2022-04-29,2022-11-07 04:03:11,27-07-2022 18:09:39
2022-08-22,2022-02-07 09:15:31,08-11-2022 09:58:34
2021-12-28,2022-02-28 02:47:25,03-01-2022 01:59:22
2022-02-13,2022-05-22 11:25:29,25-02-2022 04:46:47
2022-09-06,2022-10-29 05:54:42,06-03-2022 18:41:53
2022-07-31,2022-08-24 07:05:31,22-01-2022 07:17:33
2022-10-18,2022-10-14 06:24:00,25-02-2022 22:32:25
2022-03-05,2022-09-03 23:03:55,22-07-2022 01:46:05
2022-08-15,2022-02-01 05:34:09,16-09-2022 08:59:01
2022-08-17,2022-04-12 16:15:32,17-05-2022 11:26:13
2022-08-04,2021-12-23 11:28:28,01-10-2022 05:22:35
2022-06-25,2021-12-29 21:27:09,22-03-2022 01:57:04
2022-09-24,2022-08-23 18:01:47,24-01-2022 22:37:38
2022-05-13,2022-10-26 18:34:16,21-08-2022 14:28:00
2022-02-28,2021-12-28 09:54:39,29-04-2022 17:19:20
2021-12-30,2022-05-18 11:02:41,26-12-2021 01:43:13
2022-09-18,2021-12-20 22:54:16,08-11-2022 07:44:05
2022-02-10,2021-12-16 11:18:54,24-10-2022 19:57:57
2022-04-25,2022-05-13 13:52:25,02-05-2022 09:16:08
2022-04-18,2022-09-11 04:59:29,11-01-2022 23:32:54
2022-02-21,2022-11-11 02:02:51,15-03-2022 19:30:25
2022-05-01,2022-07-18 18:06:24,26-04-2022 01:23:06
2022-05-28,2022-06-15 11:49:17,07-05-2022 20:26:09
2022-08-18,2022-07-02 03:12:50,12-03-2022 01:54:41
2022-02-01,2022-02-05 05:51:59,27-07-2022 11:31:00
2022-09-27,2022-08-02 21:28:22,19-11-2021 03:49:17
2022-08-23,2021-12-17 13:21:49,01-12-2021 17:46:46
2022-11-05,2022-09-23 14:28:20,24-11-2021 06:48:24
2022-01-05,2022-02-13 15:25:08,17-04-2022 19:22:28
2022-07-25,2022-01-04 16:15:32,09-01-2022 23:39:16
2021-12-21,2022-07-25 22:03:20,05-08-2022 06:27:58
2022-05-13,2022-05-17 20:41:01,11-04-2022 13:03:49
2021-11-30,2021-12-10 11:18:31,25-03-2022 02:58:22
2022-05-09,2022-07-12 13:56:09,01-04-2022 05:36:24
2022-06-30,2022-04-14 21:07:12,06-10-2022 11:56:43
2022-07-17,2022-01-07 02:11:59,02-08-2022 03:28:01
2022-08-21,2022-10-22 11:31:10,26-01-2022 01:53:41
2022-02-24,2022-08-01 00:02:58,13-01-2022 23:30:16
2022-08-24,2021-12-10 20:35:45,15-04-2022 02:51:47
2021-12-07,2022-05-08 20:56:17,28-01-2022 19:10:06
2022-05-03,2022-02-18 01:58:55,04-06-2022 11:19:54
2022-06-26,2022-01-29 07:23:13,24-11-2021 08:28:26
2021-12-11,2022-07-16 00:55:29,02-11-2022 15:42:23
2022-08-30,2022-10-31 21:39:02,02-08-2022 15:02:19
2022-07-19,2022-07-25 15:12:23,27-02-2022 06:52:15
2022-01-19,2022-08-04 15:39:46,11-07-2022 17:34:57
2021-11-19,2022-01-29 10:33:37,31-10-2022 16:48:44
2022-06-13,2021-11-18 00:53:42,22-07-2022 07:12:49
2022-03-10,2022-06-25 02:11:59,05-06-2022 10:36:12
2022-07-06,2022-05-10 21:50:21,19-05-2022 18:50:01
2022-10-09,2022-07-13 05:31:28,23-09-2022 00:43:26
2022-10-09,2022-03-03 14:35:54,02-01-2022 18:03:20
2022-03-25,2022-04-22 23:34:40,02-09-2022 18:32:57
2021-12-06,2022-08-13 01:28:15,24-08-2022 07:18:24
2022-06-28,2022-06-16 22:52:46,30-09-2022 17:05:23
2021-12-21,2022-11-11 10:33:09,26-11-2021 15:52:01
2022-02-13,2022-02-03 20:07:08,05-12-2021 10:54:31
2022-07-27,2022-06-08 18:39:28,08-12-2021 10:48:08
2022-02-02,2022-04-10 21:28:21,19-01-2022 01:57:12
2022-04-08,2022-03-08 09:45:52,28-07-2022 11:59:29
2021-12-18,2022-04-13 14:38:25,26-08-2022 06:31:43
2022-01-07,2022-09-28 18:58:29,20-07-2022 09:46:31
2022-07-31,2022-05-12 17:29:05,06-11-2022 04:00:16
2022-10-10,2022-01-24 10:27:40,27-02-2022 14:38:07
2022-03-21,2022-07-06 06:20:41,24-10-2022 05:51:26
2022-01-28,2022-04-24 03:57:49,13-06-2022 02:41:19
2022-11-11,2022-10-23 16:50:44,21-12-2021 03:54:24
2022-07-15,2022-02-22 22:23:15,18-08-2022 17:52:44
2022-09-04,2022-07-03 20:45:31,12-08-2022 13:38:39
2022-02-23,2022-02-11 20:22:56,24-11-2021 23:24:57
2021-11-16,2022-05-16 06:47:26,27-03-2022 14:28:09
2022-01-30,2022-03-09 01:10:28,23-12-2021 15:20:26
2021-11-18,2022-05-07 19:42:20,12-07-2022 18:29:18
2022-01-03,2022-07-04 13:03:40,19-07-2022 15:26:02
2022-07-10,2022-02-27 22:25:03,07-07-2022 07:28:24
2022-02-04,2022-02-05 18:07:30,09-11-2022 19:17:47
2022-11-14,2022-01-16 01:07:43,19-02-2022 18:07:45
2022-05-08,2022-04-25 11:45:31,08-12-2021 09:49:52
2022-09-09,2022-07-11 23:12:23,05-07-2022 22:50:18
2021-12-27,2022-09-27 00:57:48,02-02-2022 06:16:21
2022-02-21,2022-06-28 16:59:53,22-03-2022 18:11:03
2022-04-27,2022-01-24 01:50:09,22-08-2022 15:54:03
2022-08-14,2022-03-31 21:43:16,20-01-2022 22:37:51
2022-11-09,2022-03-17 18:12:06,11-08-2022 11:08:01
2022-09-09,2022-03-01 23:38:35,05-10-2022 03:45:15
2022-05-09,2022-10-04 08:15:43,15-02-2022 18:20:54
2022-08-14,2022-06-09 09:31:32,08-05-2022 06:33:56
2021-11-29,2021-11-25 03:47:37,31-08-2022 17:53:32
2022-03-19,2022-06-30 22:34:56,21-11-2021 20:21:56
2022-09-11,2022-11-06 22:01:48,03-10-2022 07:37:24
2022-03-03,2022-02-09 15:11:36,11-08-2022 12:09:48
2022-07-16,2021-12-25 09:03:57,02-05-2022 09:43:36
2022-03-03,2022-02-28 15:22:30,18-01-2022 15:42:52
2022-09-29,2022-05-31 22:24:30,01-12-2021 00:56:43
2022-08-04,2022-02-01 13:02:36,26-07-2022 14:27:55
2022-02-04,2021-12-13 03:23:22,18-05-2022 14:07:42
2022-09-23,2022-03-19 18:54:33,26-08-2022 06:33:17
2022-02-08,2022-06-22 22:07:50,29-08-2022 16:59:10
2022-08-05,2022-08-22 06:47:29,18-08-2022 04:58:48
2022-11-08,2022-06-22 18:05:28,08-08-2022 20:34:38
2022-06-25,2021-12-27 06:53:25,18-05-2022 01:55:20
2022-08-11,2022-01-18 01:26:47,26-09-2022 05:44:35
2022-03-12,2021-11-22 09:40:33,20-06-2022 03:57:38
2022-01-13,2022-07-16 15:37:19,27-02-2022 19:49:38
2022-09-03,2022-08-19 06:23:50,16-07-2022 06:56:35
2022-03-09,2022-04-26 18:26:04,13-12-2021 03:25:49
2022-02-11,2022-10-31 07:14:12,10-04-2022 11:28:23
2022-07-23,2022-06-03 04:41:37,22-05-2022 19:32:53
2022-10-26,2022-07-17 20:24:56,15-11-2021 12:33:30
2022-02-20,2022-01-17 14:48:28,02-05-2022 04:58:51
2022-05-28,2022-08-03 14:31:23,08-09-2022 09:54:05
2022-01-31,2022-09-23 14:37:23,06-08-2022 10:14:29
2022-08-16,2022-04-10 20:53:51,22-11-2021 07:15:29
2021-11-30,2022-07-09 17:34:13,02-11-2022 15:37:09
2022-01-17,2022-06-23 07:51:39,20-10-2022 19:08:31
2022-08-28,2021-12-08 08:51:22,31-03-2022 19:30:35
2022-07-24,2021-12-18 05:17:51,17-05-2022 07:35:16
2022-09-15,2022-09-18 16:55:22,28-03-2022 08:15:07
2022-05-08,2022-10-15 01:30:16,24-03-2022 06:17:22
2021-12-05,2022-07-10 13:49:05,17-05-2022 17:48:06
2022-08-29,2021-12-19 15:18:09,25-06-2022 16:58:49
2022-09-21,2021-11-16 13:32:28,01-09-2022 15:30:43
2021-12-22,2022-10-03 02:59:35,06-12-2021 13:46:34
2022-11-02,2022-08-15 07:25:09,23-11-2021 22:42:00
2021-12-02,2022-08-08 15:12:52,21-06-2022 13:45:16
2022-05-08,2022-04-08 19:28:02,02-04-2022 07:01:57
2022-11-14,2022-11-01 18:06:23,24-02-2022 22:33:33
2022-03-27,2022-05-19 07:38:58,08-03-2022 16:23:44
2022-06-13,2022-06-07 20:11:46,03-06-2022 03:34:56
2022-04-28,2022-06-03 08:42:57,26-03-2022 18:46:45
2022-06-20,2022-06-30 17:34:44,01-10-2022 13:24:33
2021-11-18,2022-08-28 22:40:03,19-08-2022 13:36:45
2022-01-04,2022-06-20 03:28:40,15-11-2021 22:19:48
2022-02-22,2022-07-17 18:45:35,02-03-2022 08:09:53
2022-02-27,2021-11-17 05:40:24,25-03-2022 15:21:48
2022-04-18,2022-07-19 02:55:39,05-04-2022 12:45:49
2022-08-13,2022-07-25 06:16:32,11-04-2022 10:01:43
2022-09-07,2022-03-18 19:00:54,07-01-2022 08:50:54
2021-12-28,2022-07-02 21:45:04,16-02-2022 20:34:17
2022-01-20,2022-06-26 17:38:59,01-08-2022 07:40:00
2022-06-18,2022-08-09 19:39:52,29-11-2021 23:53:59
2022-01-31,2021-12-26 00:13:54,25-09-2022 00:06:36
2022-05-04,2021-12-08 05:13:14,18-01-2022 21:30:54
2021-12-01,2022-02-04 16:42:29,18-08-2022 01:20:48
2022-03-24,2022-03-26 11:55:08,14-04-2022 13:46:51
2022-11-02,2022-07-16 21:48:18,27-06-2022 12:45:17
2021-12-13,2022-06-03 17:51:46,07-05-2022 00:41:41
2022-03-28,2022-09-08 16:58:26,10-01-2022 03:34:12
2022-03-21,2022-08-16 09:59:49,09-08-2022 16:48:25
2022-08-01,2022-06-15 10:44:55,17-06-2022 14:19:25
2022-07-18,2021-12-29 10:57:48,03-11-2022 10:37:46
2022-10-23,2022-09-16 05:10:57,07-07-2022 06:05:12
2022-09-14,2022-10-08 13:58:50,17-03-2022 09:08:07
2022-10-13,2022-03-15 21:48:21,02-12-2021 04:06:42
2022-01-30,2022-01-27 07:43:25,22-12-2021 21:59:06
2021-11-23,2021-11-22 01:26:51,17-08-2022 19:52:53
2021-11-20,2022-03-18 02:20:56,26-03-2022 23:44:08
2022-03-17,2022-04-11 20:17:15,21-11-2021 03:15:14
2022-06-14,2022-09-25 00:31:54,09-08-2022 02:29:34
2022-11-12,2022-01-11 03:56:51,24-02-2022 05:32:03
2022-02-01,2022-08-10 19:56:25,14-07-2022 20:06:44
2022-08-03,2022-07-13 04:37:40,24-11-2021 08:12:45
2022-07-14,2022-07-06 13:38:44,22-11-2021 06:34:17
2022-09-09,2022-03-14 08:17:51,28-05-2022 14:05:19
2022-02-26,2022-09-25 01:23:10,26-06-2022 04:22:13
2022-02-26,2022-05-29 12:58:00,31-03-2022 16:04:45
2022-11-13,2022-01-16 07:55:00,18-06-2022 01:08:01
2022-11-02,2022-03-19 20:13:24,09-10-2022 20:40:34
2022-04-02,2022-08-19 15:05:45,24-04-2022 01:35:16
2021-12-08,2022-06-21 09:58:59,08-12-2021 12:32:41
2022-06-22,2022-06-07 02:35:50,23-02-2022 20:39:54
2022-04-05,2021-11-29 23:20:24,15-05-2022 19:02:56
2022-02-25,2022-10-22 18:24:23,20-09-2022 03:21:03
2022-07-20,2022-10-13 03:03:49,11-11-2022 16:57:22
2022-08-05,2022-01-31 10:16:06,25-12-2021 00:13:00
2022-07-16,2022-05-15 02:53:18,25-05-2022 23:35:07
2022-04-23,2022-08-26 03:03:46,24-02-2022 05:36:20
2022-09-17,2022-03-24 17:53:31,11-07-2022 23:57:47
2022-02-20,2022-05-10 16:53:13,17-08-2022 18:48:55
2022-03-01,2022-02-08 16:36:41,09-04-2022 17:22:25
2022-06-16,2022-11-02 03:06:01,05-06-2022 19:48:16
2022-11-07,2022-07-12 04:43:09,30-06-2022 22:18:52
2021-12-14,2022-10-02 23:09:11,11-08-2022 20:56:29
2022-01-04,2022-06-05 00:43:23,02-03-2022 14:41:58
2021-12-02,2022-03-28 16:25:27,25-07-2022 08:56:40
2021-12-17,2022-09-13 02:53:41,27-07-2022 23:30:10
2022-09-10,2022-08-16 19:29:57,31-08-2022 18:03:02
2022-06-11,2022-05-27 22:05:05,26-04-2022 23:25:35
2022-07-17,2022-10-13 04:15:38,08-03-2022 11:32:54
2022-10-04,2022-11-06 21:48:21,06-12-2021 20:31:06
2022-06-18,2022-01-20 14:33:35,21-11-2021 07:32:04
2022-07-25,2022-07-03 10:06:05,16-12-2021 10:05:59
2022-02-25,2022-01-12 02:51:45,15-12-2021 19:14:05
2022-09-05,2022-11-14 00:15:50,12-09-2022 15:40:35
2021-12-25,2022-02-01 12:55:52,14-06-2022 20:46:17
2021-11-23,2022-03-28 10:51:02,19-03-2022 00:21:58
2022-06-19,2021-11-19 19:20:17,04-06-2022 02:37:14
2022-09-10,2022-06-01 13:34:38,20-04-2022 20:56:43
2022-08-28,2022-10-13 07:34:27,07-07-2022 06:37:11
2022-09-03,2022-06-21 23:04:09,20-09-2022 16:09:40
2022-08-07,2022-02-03 00:32:37,02-11-2022 00:56:09
2022-02-10,2022-04-07 11:04:32,29-05-2022 12:53:58
2022-10-24,2022-07-26 19:01:55,23-04-2022 02:50:38
2022-02-24,2022-09-03 10:22:03,04-03-2022 14:37:05
2022-07-01,2021-12-08 08:25:35,16-06-2022 00:39:04
2021-11-18,2022-09-15 08:13:37,22-02-2022 14:56:51
2022-08-10,2022-01-21 19:04:19,25-04-2022 09:08:16
2022-02-17,2022-10-27 20:53:23,19-07-2022 14:08:23
2022-01-12,2022-02-15 18:16:30,07-02-2022 08:49:21
2022-08-10,2022-01-12 16:34:24,29-05-2022 19:53:46
2022-10-15,2022-10-26 06:10:28,13-11-2022 00:31:28
2022-03-22,2022-01-14 15:20:52,12-03-2022 05:37:27
2022-02-27,2022-05-07 07:34:55,11-10-2022 06:44:53
2022-07-23,2022-04-07 19:20:57,05-05-2022 07:34:50
2022-06-19,2022-09-25 19:59:56,22-05-2022 02:12:27
2021-12-26,2022-08-01 12:24:18,27-02-2022 23:33:06
2022-10-29,2022-07-30 14:40:43,09-06-2022 22:56:47
2022-06-11,2022-01-12 19:12:51,18-07-2022 11:30:58
2022-10-16,2022-02-20 13:36:06,04-09-2022 18:45:58
2022-09-06,2022-10-02 21:57:08,06-12-2021 14:28:44
2022-07-17,2022-05-23 00:47:44,07-08-2022 10:55:27
2022-10-19,2022-07-16 09:08:21,02-07-2022 12:59:56
2022-08-07,2022-02-26 07:36:27,02-06-2022 23:16:22
2022-07-25,2022-03-03 14:36:07,16-08-2022 00:53:23
2022-05-10,2022-04-18 05:12:44,17-05-2022 08:17:03
2022-05-09,2022-03-08 11:49:23,06-07-2022 12:23:30
2022-08-24,2022-08-25 18:41:45,07-01-2022 22:05:30
2022-09-04,2022-03-02 13:26:04,10-10-2022 22:52:20
2022-01-28,2022-08-03 07:39:44,13-10-2022 02:02:04
2022-06-08,2022-01-04 22:08:34,02-02-2022 14:06:55
2022-02-28,2022-04-07 22:56:54,02-05-2022 16:47:24
2022-03-25,2022-03-24 04:37:27,17-11-2021 22:54:57
2022-09-11,2022-04-23 00:12:45,16-02-2022 10:04:05
2022-06-06,2022-08-31 10:36:12,22-02-2022 05:54:36
2022-02-08,2022-01-19 17:51:10,07-11-2022 08:54:19
2022-02-17,2022-03-24 16:56:24,18-05-2022 09:50:05
2022-03-20,2022-03-20 19:37:21,16-12-2021 15:04:35
2022-03-29,2021-12-28 05:15:10,30-03-2022 23:19:20
2022-10-25,2022-01-26 10:00:51,09-09-2022 22:14:25
2022-01-27,2022-07-03 14:53:54,25-04-2022 20:32:19
2021-11-20,2022-01-10 20:31:24,02-05-2022 00:15:04
2022-10-28,2022-10-19 17:38:54,06-01-2022 22:39:50
2022-10-08,2022-06-19 02:37:00,22-12-2021 01:33:45
2022-06-19,2022-10-17 02:59:50,25-10-2022 05:43:50
2022-06-14,2022-07-20 03:12:27,21-03-2022 14:01:46
2021-11-16,2022-10-13 12:11:08,18-04-2022 10:21:03
2021-11-23,2022-08-10 02:10:32,26-07-2022 14:28:19
2022-02-19,2022-08-13 23:33:31,21-10-2022 06:18:48
2021-12-02,2022-09-16 21:39:24,24-10-2022 07:33:58
2022-02-25,2022-07-28 23:39:45,16-04-2022 23:39:45
2022-03-29,2022-03-11 05:24:08,24-12-2021 21:58:08
2022-01-23,2021-12-12 06:13:11,17-10-2022 20:25:42
2022-08-09,2022-10-15 01:39:48,31-08-2022 12:53:38
2022-01-28,2022-06-12 08:39:27,05-03-2022 22:46:39
2022-05-08,2022-10-28 05:00:22,06-06-2022 13:49:34
2022-07-02,2022-02-25 20:13:47,20-09-2022 01:57:17
2021-12-09,2022-03-29 01:34:39,31-01-2022 16:30:36
2022-06-05,2022-06-27 22:51:21,14-11-2022 10:19:57
2022-05-27,2022-10-11 07:53:03,01-11-2022 11:57:54
2022-08-09,2022-07-27 20:56:33,21-04-2022 18:55:38
2022-06-03,2021-11-28 12:01:20,17-01-2022 03:54:02
2022-07-19,2022-04-28 09:47:23,24-04-2022 16:08:50
2022-08-27,2022-02-07 21:22:22,06-08-2022 08:21:26
2022-07-28,2022-09-02 05:02:07,27-04-2022 10:59:15
2022-03-21,2022-01-13 01:41:45,15-05-2022 10:38:44
2022-06-11,2022-05-16 02:04:38,11-04-2022 05:15:23
2022-03-07,2021-12-19 23:28:46,07-05-2022 10:11:01
2022-02-01,2021-11-28 23:31:54,07-02-2022 17:22:26
2022-02-14,2022-04-25 16:36:43,13-02-2022 01:31:09
2022-05-11,2022-11-06 22:30:50,09-03-2022 09:56:45
2022-10-24,2022-08-21 01:14:28,09-08-2022 19:12:31
2022-07-21,2022-07-23 15:43:24,17-09-2022 08:02:22
2022-05-03,2022-05-29 01:37:23,28-08-2022 11:12:30
2022-01-13,2022-03-26 16:44:24,18-04-2022 10:36:05
2022-09-05,2022-05-17 00:38:31,12-07-2022 08:40:24
2021-11-21,2022-03-03 23:10:57,12-12-2021 07:03:15
2022-02-03,2022-11-09 07:21:35,07-10-2022 13:04:56
2022-06-15,2022-06-26 04:29:15,08-04-2022 07:41:01
2022-01-13,2022-10-07 03:14:47,27-03-2022 12:26:07
2021-12-15,2021-12-17 07:14:21,22-06-2022 18:40:26
2022-02-07,2021-12-28 00:40:33,26-02-2022 05:05:41
2021-11-27,2022-06-06 00:49:59,28-04-2022 21:57:44
2022-04-25,2022-07-09 04:29:47,03-01-2022 01:57:48
2022-07-31,2022-04-29 16:22:27,22-01-2022 02:04:54
2022-07-05,2022-11-14 19:54:04,28-06-2022 11:37:43
2022-06-15,2022-05-15 12:33:28,01-10-2022 22:37:44
2022-05-29,2021-12-02 10:45:55,03-08-2022 18:54:52
2022-05-06,2022-09-19 18:37:17,14-08-2022 02:38:32
2022-06-21,2022-06-28 09:53:55,14-02-2022 07:55:26
2022-10-22,2022-07-21 05:06:35,07-05-2022 23:07:03
2022-11-08,2022-04-25 16:44:31,19-02-2022 01:44:19
2022-01-13,2022-09-08 14:18:29,09-08-2022 22:25:58
2022-05-04,2022-11-08 23:38:30,13-05-2022 03:50:59
2022-10-14,2021-12-22 13:36:44,06-01-2022 10:28:47
2022-02-04,2022-09-10 20:05:35,17-06-2022 21:32:35
2022-10-15,2021-11-18 04:23:34,21-09-2022 03:00:15
2022-04-15,2022-06-13 01:59:02,13-04-2022 22:00:12
2022-05-08,2021-12-31 22:15:34,20-03-2022 21:51:48
2022-10-11,2022-05-18 07:36:38,21-09-2022 11:11:15
2022-02-21,2022-04-23 00:34:59,26-11-2021 08:39:47
2021-11-20,2022-03-16 17:05:44,27-11-2021 03:38:04
2022-05-28,2022-03-03 20:33:48,21-11-2021 00:42:45
2022-01-01,2022-04-17 00:20:31,23-05-2022 12:10:13
2022-05-04,2022-01-12 15:31:16,06-06-2022 06:40:01
2022-08-22,2022-04-21 05:28:53,29-09-2022 21:15:25
2022-08-07,2022-03-09 03:14:15,30-12-2021 21:13:36
2022-09-23,2022-09-18 11:10:39,25-09-2022 23:14:14
2022-09-22,2022-02-05 06:27:46,16-10-2022 13:14:01
2022-05-05,2022-06-26 22:55:49,03-03-2022 23:56:16
2022-06-26,2022-03-14 18:03:21,02-04-2022 00:16:47
2022-08-01,2022-09-21 10:10:09,28-12-2021 20:01:50
2022-01-26,2022-09-21 22:57:12,03-11-2022 03:27:27
2022-07-23,2022-09-12 15:06:45,16-02-2022 20:20:11
2022-08-13,2022-08-10 15:17:13,19-06-2022 01:56:32
2022-09-26,2021-12-18 00:12:11,31-03-2022 11:46:51
2021-12-02,2021-12-01 09:27:25,08-05-2022 11:37:10
2022-11-10,2022-03-20 13:36:58,23-06-2022 13:47:14
2022-11-10,2022-08-14 02:12:44,27-06-2022 21:13:25
2022-06-08,2022-04-28 14:04:28,24-02-2022 23:27:48
2021-12-29,2022-01-25 04:26:06,08-03-2022 14:37:05
2022-07-06,2022-10-20 03:17:08,11-01-2022 18:00:43
2022-11-01,2022-08-22 01:19:11,19-11-2021 09:35:04
2022-09-19,2022-04-23 06:31:03,11-10-2022 05:19:37
2022-04-15,2022-05-11 11:54:48,02-11-2022 10:16:48
2022-09-23,2022-08-17 00:35:06,22-07-2022 23:02:02
2022-08-03,2022-06-03 09:26:54,22-05-2022 23:20:10
2022-09-23,2022-04-16 00:36:50,31-03-2022 15:11:30
2022-06-13,2022-08-18 21:36:34,16-10-2022 21:05:57
2022-01-11,2022-06-18 08:44:58,28-08-2022 21:49:53
2022-08-13,2022-08-26 03:16:03,16-06-2022 01:38:33
2022-03-07,2022-07-10 06:00:26,13-05-2022 17:54:10
2021-12-20,2021-12-30 14:14:20,01-05-2022 01:16:40
2022-10-14,2022-08-03 12:36:59,17-02-2022 13:46:32
2022-07-09,2021-11-29 01:07:12,24-12-2021 13:00:35
2022-04-23,2022-01-08 20:47:34,01-08-2022 10:12:21
2022-10-14,2021-12-17 14:04:14,26-09-2022 06:59:28
2022-02-24,2022-10-29 11:25:11,22-06-2022 16:10:35
2022-10-12,2022-10-03 15:32:42,13-02-2022 21:34:28
2022-05-10,2022-01-19 08:12:02,17-03-2022 10:35:14
2022-08-09,2022-05-27 07:46:35,01-10-2022 21:32:08
2022-03-04,2022-10-16 04:13:50,16-04-2022 05:00:24
2022-10-25,2022-08-06 10:52:41,04-07-2022 11:02:58
2022-10-07,2022-04-23 05:15:44,01-10-2022 15:14:27
2022-08-04,2022-06-01 04:26:24,25-11-2021 09:07:50
2022-06-13,2022-05-30 13:04:27,22-01-2022 04:34:36
2022-10-14,2022-11-02 21:50:22,02-07-2022 23:43:48
2022-04-08,2022-10-30 02:53:43,28-01-2022 20:23:53
2022-02-28,2022-07-12 19:31:56,12-10-2022 11:26:51
2022-04-16,2022-03-12 23:50:56,31-08-2022 00:15:18
2022-10-28,2022-01-10 02:06:03,08-04-2022 01:38:01
2021-12-02,2021-12-22 02:41:59,26-10-2022 14:12:18
2022-08-05,2022-05-01 18:03:08,05-02-2022 16:58:17
2022-09-13,2022-10-21 12:26:35,05-03-2022 00:12:14
2022-02-04,2022-01-29 21:40:43,23-02-2022 05:03:19
2022-05-13,2022-01-30 21:43:05,01-09-2022 00:52:41
2022-09-02,2022-04-30 23:45:58,21-12-2021 08:53:38
2021-11-30,2022-04-13 22:56:33,05-03-2022 22:09:57
2022-06-09,2022-04-06 22:57:19,28-09-2022 03:06:02
2021-12-20,2022-02-02 14:50:13,18-05-2022 22:04:16
2021-11-22,2021-12-23 14:48:02,15-02-2022 17:54:19
2022-04-24,2022-04-12 09:41:06,31-08-2022 20:20:20
2022-01-19,2022-09-08 09:23:01,26-03-2022 11:40:59
2022-11-10,2021-11-15 21:39:18,02-10-2022 13:43:32
2022-03-16,2022-01-01 08:49:51,06-07-2022 17:42:40
2022-05-23,2022-09-10 21:05:05,07-04-2022 02:33:14
2022-03-25,2022-09-15 22:23:41,16-03-2022 12:27:47
2022-10-28,2022-09-15 15:27:06,16-12-2021 23:51:04
2022-05-16,2022-01-10 08:25:07,13-03-2022 06:24:20
2021-11-17,2022-02-25 10:07:01,26-11-2021 20:08:14
2022-10-02,2022-10-19 20:29:30,01-08-2022 00:59:33
2022-11-13,2022-04-05 16:52:39,09-05-2022 01:38:35
2022-02-24,2022-09-27 13:42:12,12-10-2022 07:16:41
2022-04-13,2022-06-08 21:28:16,09-04-2022 14:45:07
2022-07-27,2021-12-24 23:30:49,15-06-2022 05:37:42
2022-08-07,2022-08-10 07:33:22,30-04-2022 19:25:50
2021-11-17,2022-03-17 17:46:45,10-04-2022 22:22:52
2022-08-25,2022-03-17 21:52:33,04-11-2022 11:10:38
2021-12-16,2022-05-31 18:02:50,03-05-2022 21:55:20
2022-08-31,2021-11-28 21:20:46,28-09-2022 05:03:27
2022-10-10,2021-12-25 10:33:53,17-03-2022 23:19:26
2022-01-05,2022-06-02 19:53:48,01-09-2022 02:13:22
2022-04-18,2022-01-16 17:26:53,08-08-2022 04:04:24
2022-05-22,2022-09-10 23:11:07,29-09-2022 22:11:23
2021-11-19,2022-10-12 03:43:06,13-04-2022 04:41:39
2022-04-27,2022-07-29 16:48:31,11-10-2022 10:25:35
2021-12-02,2022-10-22 01:27:14,10-02-2022 11:34:20
2022-05-06,2021-12-22 02:11:46,13-10-2022 04:27:18
2022-07-14,2021-12-16 03:26:02,07-04-2022 06:07:02
2021-11-15,2022-01-08 05:49:55,21-03-2022 08:28:35
2022-04-20,2022-09-05 23:30:17,09-03-2022 06:50:49
2022-06-21,2022-06-25 00:50:10,10-01-2022 15:37:28
2022-05-06,2022-06-07 15:04:10,11-05-2022 14:02:54
2022-09-03,2022-04-09 22:20:27,28-01-2022 19:24:27
2022-05-18,2022-08-24 12:37:25,06-01-2022 13:54:09
2022-04-29,2022-08-09 13:03:37,24-02-2022 16:28:38
2022-09-19,2021-11-22 16:41:36,31-01-2022 01:21:26
2022-09-06,2022-04-27 15:06:29,06-10-2022 02:40:40
2022-04-22,2022-11-01 19:14:02,27-01-2022 06:48:50
2022-06-29,2022-11-08 06:37:47,01-04-2022 19:09:54
2021-12-09,2022-02-03 16:21:55,03-10-2022 10:35:54
2022-03-23,2021-12-31 20:33:49,01-04-2022 10:47:35
2022-09-12,2022-11-07 13:21:24,11-02-2022 04:12:26
2022-09-28,2022-10-12 11:38:28,21-02-2022 05:40:30
2022-04-01,2022-10-15 04:02:24,06-01-2022 08:23:15
2022-05-12,2022-07-01 16:45:22,18-02-2022 10:39:23
2022-03-21,2022-01-02 17:37:57,23-07-2022 09:14:29
2021-12-03,2022-05-17 09:56:03,27-10-2022 16:37:21
2022-01-01,2022-10-12 07:33:52,17-06-2022 17:24:39
2021-12-04,2022-10-16 13:00:57,23-03-2022 12:08:09
2022-08-11,2022-06-22 20:17:52,14-05-2022 02:28:26
2022-09-24,2022-03-10 19:56:14,25-08-2022 02:04:07
2022-01-01,2022-07-14 15:47:47,17-04-2022 00:36:19
2022-08-03,2022-06-12 09:35:48,16-02-2022 12:51:57
2022-10-19,2022-08-29 13:42:48,08-07-2022 05:32:12
2022-03-03,2022-10-07 10:34:49,19-09-2022 12:40:56
2022-07-12,2022-10-04 22:47:46,27-01-2022 06:09:33
2022-05-31,2022-01-06 05:22:53,10-08-2022 11:47:15
2021-11-20,2022-02-10 21:15:36,16-01-2022 14:15:49
2021-12-18,2022-09-13 05:29:31,17-12-2021 08:18:49
2022-02-24,2021-12-01 23:04:49,03-03-2022 22:49:08
2022-06-26,2022-09-18 11:48:51,22-11-2021 04:07:38
2022-10-28,2022-03-26 14:04:12,22-10-2022 05:40:52
2021-11-28,2022-05-17 02:13:20,01-10-2022 14:21:25
2022-03-19,2021-12-19 06:17:11,10-06-2022 19:36:31
2022-02-19,2022-03-11 05:04:02,28-05-2022 17:27:09
2022-03-03,2022-10-12 06:32:17,17-05-2022 14:40:14
2022-09-27,2022-03-18 02:09:21,20-02-2022 12:13:20
2022-10-26,2022-09-08 11:03:33,06-07-2022 23:10:22
2021-12-08,2022-09-23 10:49:32,31-05-2022 03:34:14
2022-01-06,2022-09-13 22:18:57,25-02-2022 16:52:25
2022-03-29,2021-12-21 06:25:33,09-04-2022 17:09:00
2022-08-01,2022-08-06 10:52:06,15-03-2022 18:08:58
2022-10-02,2022-01-14 10:55:10,11-03-2022 21:29:15
2022-02-12,2022-05-04 03:19:02,16-10-2022 15:53:08
2022-01-27,2022-09-21 15:33:09,05-04-2022 09:38:30
2022-08-30,2022-07-01 20:31:18,08-03-2022 20:20:18
2022-03-09,2022-03-29 10:41:05,12-05-2022 06:17:23
2022-07-30,2022-07-30 23:54:56,10-04-2022 06:10:07
2022-09-19,2022-02-26 19:19:47,19-09-2022 23:36:52
2022-09-14,2022-07-25 04:05:07,21-01-2022 07:33:30
2022-03-16,2022-06-14 13:34:56,19-06-2022 17:00:50
2022-07-18,2022-09-23 20:15:24,22-07-2022 17:54:09
2021-11-22,2022-10-24 15:48:28,13-06-2022 00:11:53
2022-10-16,2022-01-28 10:29:27,10-05-2022 04:19:14
2021-11-16,2022-02-13 07:01:02,21-09-2022 08:36:58
2022-11-14,2022-02-13 15:06:13,05-12-2021 01:49:17
2022-07-30,2022-04-02 09:02:11,05-03-2022 17:48:11
2022-03-22,2022-09-05 02:21:53,15-01-2022 04:27:24
2022-10-25,2022-08-30 04:48:55,01-12-2021 13:34:23
2022-02-12,2022-02-01 15:57:40,05-08-2022 01:59:51
2022-10-04,2022-01-13 00:23:42,20-06-2022 23:26:39
2022-10-22,2022-04-27 15:03:18,21-01-2022 12:03:30
2022-04-06,2022-09-22 12:29:23,08-08-2022 02:41:58
2022-07-04,2022-10-10 18:38:56,06-08-2022 08:17:39
2022-08-20,2022-07-24 09:42:28,09-06-2022 20:54:17
2022-01-20,2022-04-29 13:19:49,08-02-2022 23:49:58
2022-05-04,2022-01-31 04:58:19,08-06-2022 09:41:23
2021-12-05,2022-09-06 10:08:13,25-01-2022 15:06:20
2022-02-11,2022-04-18 18:22:56,18-09-2022 10:57:25
2022-04-28,2022-09-22 16:30:14,23-08-2022 22:25:27
2022-02-12,2022-04-08 08:51:45,10-06-2022 22:56:28
2022-09-21,2022-09-19 06:42:24,24-09-2022 22:12:21
2022-01-26,2022-04-30 08:58:14,01-03-2022 06:12:26
2022-10-05,2022-10-26 12:10:01,06-04-2022 20:05:05
2022-09-05,2022-06-12 17:58:54,28-07-2022 06:25:45
2022-06-24,2022-02-04 13:55:09,21-03-2022 19:38:38
2022-01-15,2022-02-21 21:06:48,09-05-2022 20:30:08
2022-04-17,2022-01-12 15:54:14,05-06-2022 08:43:20
2021-12-28,2022-05-19 00:50:15,06-03-2022 11:03:00
2022-11-08,2022-08-17 12:06:14,09-12-2021 15:53:57
2022-10-31,2022-01-27 13:19:11,20-03-2022 04:40:34
2022-07-29,2022-04-04 01:28:51,11-10-2022 02:11:55
2022-06-15,2022-05-17 10:03:18,04-08-2022 05:41:47
2021-11-21,2022-06-16 01:05:29,30-06-2022 06:07:48
2022-08-08,2022-08-27 12:35:42,08-12-2021 17:54:08
2021-12-18,2021-12-04 01:20:37,22-12-2021 00:42:37
2022-04-28,2022-02-07 14:58:46,22-07-2022 14:34:55
2021-12-05,2022-02-17 23:00:02,11-05-2022 15:02:15
2022-09-23,2021-12-05 04:12:34,24-03-2022 07:52:01
2022-05-12,2022-08-02 23:30:15,01-03-2022 03:09:51
2022-05-26,2022-09-20 10:29:51,26-06-2022 20:20:14
2022-05-16,2022-04-27 12:51:52,05-11-2022 00:48:29
2022-08-27,2022-07-17 18:14:53,14-07-2022 00:49:16
2022-04-15,2022-06-09 01:57:10,14-06-2022 16:39:41
2022-10-24,2022-03-07 04:24:24,27-08-2022 00:52:19
2022-02-28,2022-03-18 22:38:27,15-08-2022 00:12:38
2022-11-05,2022-10-17 09:49:41,06-09-2022 14:47:12
2022-01-10,2022-01-17 04:29:43,27-12-2021 05:15:40
2022-11-06,2022-09-22 09:59:36,24-03-2022 20:37:37
2022-03-16,2022-07-11 08:34:04,08-03-2022 00:58:58
2022-01-27,2022-05-08 10:15:46,30-05-2022 05:23:46
2022-07-06,2022-09-03 12:59:07,28-11-2021 22:25:15
2022-06-26,2022-10-16 13:52:04,11-03-2022 05:10:48
2022-03-28,2021-12-25 13:35:09,25-06-2022 07:29:40
2022-02-26,2022-04-30 15:16:36,04-10-2022 06:01:22
2022-07-18,2022-06-01 14:35:37,12-05-2022 06:57:19
2022-08-14,2022-02-27 21:12:35,16-10-2022 09:16:54
2022-01-21,2022-06-14 18:34:56,18-04-2022 04:09:00
2022-02-06,2022-07-27 07:13:43,03-05-2022 08:42:31
2021-12-06,2022-04-14 00:32:53,16-08-2022 23:55:03
2022-06-16,2022-07-26 21:58:47,15-04-2022 11:58:23
2021-12-25,2022-07-02 17:23:10,08-03-2022 05:34:37
2021-11-29,2022-10-04 10:57:48,16-06-2022 12:11:45
2022-02-19,2021-11-16 21:59:55,14-05-2022 09:51:58
2022-05-19,2022-06-03 14:23:28,22-04-2022 21:01:28
2022-03-31,2021-11-22 14:33:43,03-05-2022 12:27:13
2021-12-27,2022-08-26 19:36:16,07-04-2022 09:50:42
2022-04-24,2022-10-16 12:21:17,11-12-2021 13:21:46
2022-09-08,2022-02-22 06:24:03,17-06-2022 21:37:29
2022-04-03,2022-08-20 22:05:37,18-09-2022 08:14:19
2022-08-12,2022-03-31 03:02:07,15-06-2022 22:09:57
2022-07-22,2021-11-26 10:35:17,19-06-2022 09:42:57
2021-11-19,2022-02-18 02:56:52,11-04-2022 19:22:34
2022-02-15,2022-04-20 09:19:27,18-01-2022 04:52:09
2021-12-31,2022-05-16 22:15:19,23-01-2022 08:31:35
2022-05-13,2022-11-09 06:30:03,17-01-2022 07:36:55
2022-06-30,2022-10-18 18:07:02,27-09-2022 16:00:05
2022-05-20,2022-03-31 21:26:54,03-04-2022 21:14:22
2022-02-21,2022-11-13 07:12:49,21-04-2022 13:23:46
2022-02-07,2022-01-10 10:05:34,31-10-2022 19:58:40
2022-02-10,2022-10-13 13:59:53,20-03-2022 02:41:54
2022-04-14,2022-07-08 23:16:39,24-05-2022 16:29:19
2022-04-02,2022-04-13 00:18:22,25-01-2022 02:30:31
2022-05-07,2022-02-26 21:55:28,17-11-2021 07:15:31
2022-08-29,2022-05-29 03:44:23,23-12-2021 00:04:55
2022-07-22,2021-11-19 06:32:33,29-01-2022 11:51:50
2022-02-14,2022-05-27 09:40:05,05-03-2022 17:39:59
2022-06-21,2022-10-27 15:42:17,13-01-2022 07:15:53
2022-08-15,2022-06-19 07:00:52,08-06-2022 14:24:16
2022-08-17,2022-02-09 04:14:08,19-11-2021 10:01:16
2022-04-04,2022-04-24 08:26:32,10-11-2022 06:04:43
2022-05-31,2021-12-12 22:52:59,04-09-2022 13:37:57
2021-12-26,2022-09-17 01:14:31,24-12-2021 19:04:28
2022-08-03,2022-09-26 13:50:30,16-01-2022 21:11:05
2022-10-16,2022-03-30 15:01:50,05-02-2022 14:00:56
2022-09-12,2022-08-25 21:52:44,08-11-2022 13:58:12
2022-06-24,2022-08-08 17:16:58,17-12-2021 08:20:12
2022-01-01,2022-03-16 03:21:33,05-11-2022 22:44:31
2022-06-02,2022-07-09 18:26:58,19-02-2022 14:00:21
2022-04-21,2022-02-27 17:04:02,15-12-2021 16:32:52
2021-11-16,2022-03-01 10:36:51,03-09-2022 04:15:42
2022-04-06,2022-07-15 09:53:23,22-05-2022 23:57:07
2022-06-13,2022-07-24 02:15:23,10-04-2022 13:02:42
2022-10-12,2022-04-22 00:54:18,11-12-2021 15:23:06
2022-01-27,2021-11-23 08:23:47,22-01-2022 03:44:22
2022-03-26,2022-06-28 19:23:14,29-07-2022 14:18:49
2022-02-02,2021-12-19 14:16:49,20-04-2022 04:34:53
2022-02-06,2022-01-19 07:14:58,10-12-2021 04:04:07
2021-12-12,2022-01-20 23:22:29,27-06-2022 08:33:19
2022-03-01,2021-11-20 11:58:01,15-02-2022 12:26:11
2022-10-03,2022-07-19 02:58:01,02-03-2022 00:21:38
2022-10-16,2022-06-20 10:11:13,10-07-2022 02:38:08
2022-10-24,2022-09-25 16:40:24,30-08-2022 19:06:32
2022-11-10,2022-07-31 06:22:56,22-04-2022 19:12:47
2022-10-17,2022-02-01 08:02:06,21-08-2022 02:37:54
2022-10-18,2022-05-23 18:04:06,05-07-2022 20:38:02
2022-06-01,2022-02-08 02:20:05,28-06-2022 06:06:27
2022-08-04,2022-08-22 07:44:54,18-08-2022 19:00:31
2022-10-28,2022-08-01 01:24:25,28-01-2022 05:57:57
2022-06-01,2022-07-12 20:20:03,30-11-2021 01:19:04
2022-10-10,2022-10-27 16:19:39,02-07-2022 00:51:40
2022-04-30,2021-12-30 01:38:03,13-03-2022 00:37:27
2022-02-09,2022-01-04 01:31:18,22-09-2022 09:08:39
2022-04-01,2022-08-25 09:47:11,08-04-2022 15:34:22
2022-06-03,2022-02-06 13:05:30,10-02-2022 10:50:10
2022-07-06,2022-08-27 23:34:41,27-01-2022 02:44:13
2022-09-02,2022-04-06 20:19:41,14-04-2022 19:14:46
2021-11-20,2021-12-23 20:20:27,10-01-2022 01:29:53
2022-06-21,2022-10-28 13:09:22,25-04-2022 07:27:30
2022-10-18,2021-11-22 20:35:57,11-07-2022 21:56:11
2022-08-04,2022-09-29 22:20:33,17-05-2022 09:25:40
2022-05-15,2022-08-18 04:09:32,22-06-2022 01:00:30
2022-07-26,2022-04-20 18:36:13,14-11-2022 15:13:05
2022-02-10,2021-11-20 22:59:19,18-03-2022 13:21:53
2022-11-04,2022-11-07 10:52:27,13-07-2022 04:00:25
2022-01-14,2022-01-03 00:32:54,10-02-2022 15:00:27
2021-11-19,2022-04-03 19:16:05,15-08-2022 01:12:41
2022-09-15,2022-09-25 01:16:30,19-10-2022 21:13:33
2022-04-29,2022-02-21 00:14:23,01-01-2022 07:01:25
2022-06-21,2022-02-02 12:08:11,09-06-2022 05:26:10
2021-12-08,2022-01-04 03:30:27,04-06-2022 01:29:43
2022-06-11,2022-09-25 06:33:25,02-10-2022 13:02:03
2021-12-30,2022-02-22 23:37:33,15-03-2022 13:13:32
2022-05-05,2022-09-30 18:41:50,02-03-2022 01:40:14
2022-08-02,2021-12-27 17:10:58,13-04-2022 04:54:20
2022-09-22,2022-05-28 09:32:38,23-09-2022 08:48:59
2021-12-22,2022-02-02 04:04:58,10-08-2022 17:02:02
2022-02-06,2022-02-28 07:58:59,11-04-2022 07:48:02
2021-12-21,2022-02-10 02:52:17,10-09-2022 13:18:33
2022-03-14,2022-09-22 14:20:49,18-10-2022 22:36:24
2022-05-07,2021-12-13 07:00:29,21-06-2022 23:09:03
2022-01-13,2022-10-29 05:29:30,08-05-2022 06:20:29
2021-11-19,2022-03-25 11:25:23,14-08-2022 01:11:35
2022-08-06,2021-12-31 22:36:08,22-03-2022 09:19:22
2022-06-17,2022-05-28 19:03:18,03-05-2022 00:52:38
2022-11-04,2022-01-15 09:38:27,12-07-2022 04:11:24
2022-08-07,2022-11-06 10:18:07,18-06-2022 13:44:33
2021-11-27,2022-07-27 01:14:30,14-05-2022 11:22:29
2022-06-20,2022-11-09 10:10:37,09-10-2022 13:58:59
2022-03-21,2022-09-23 15:48:41,15-06-2022 09:44:54
2022-01-30,2022-05-22 03:55:58,06-06-2022 05:08:48
2021-11-26,2022-11-10 11:12:50,05-03-2022 22:33:50
2022-08-18,2022-04-27 20:28:57,30-01-2022 16:27:43
2022-09-19,2022-03-20 07:24:01,06-09-2022 09:15:44
2022-06-19,2022-10-01 07:55:37,26-12-2021 05:00:23
2022-04-20,2022-02-10 01:21:48,24-07-2022 03:33:59
2021-12-05,2021-11-28 01:19:26,09-01-2022 06:03:31
2022-02-26,2022-04-13 21:14:47,12-04-2022 17:59:06
2022-05-27,2022-08-22 03:15:42,27-01-2022 08:29:06
2022-07-01,2022-01-23 22:00:05,03-04-2022 16:17:21
2022-01-31,2022-09-09 06:42:54,14-07-2022 16:16:46
2022-08-03,2022-10-28 12:20:18,06-01-2022 05:43:26
2022-08-21,2022-01-03 06:41:55,08-10-2022 18:03:47
2022-03-16,2022-04-07 14:24:26,02-07-2022 01:15:11
2022-09-03,2022-05-17 11:37:04,02-05-2022 05:24:13
2022-04-17,2022-09-22 19:03:23,18-01-2022 04:37:19
2022-10-27,2022-07-04 02:22:17,20-07-2022 16:32:21
2022-10-23,2022-03-04 19:14:19,20-07-2022 16:15:16
2022-06-30,2022-01-18 21:18:19,16-07-2022 20:01:10
2022-04-05,2022-06-03 08:18:46,12-04-2022 16:13:17
2021-12-03,2022-02-27 05:12:03,17-05-2022 03:17:48
2022-06-08,2022-07-08 05:13:12,24-03-2022 00:26:24
2022-08-11,2022-10-11 18:19:59,18-07-2022 15:57:41
2022-01-07,2022-05-01 13:05:25,07-02-2022 13:32:30
2022-07-08,2022-06-25 07:43:14,19-02-2022 07:03:53
2022-07-09,2022-01-26 15:49:35,04-09-2022 18:07:56
2022-07-14,2022-05-30 12:30:24,28-11-2021 13:50:38
2021-12-18,2022-03-07 01:34:28,29-05-2022 21:58:49
2022-01-14,2022-06-26 22:56:45,17-03-2022 14:30:08
2022-10-19,2022-07-12 19:44:16,27-12-2021 05:01:00
2021-11-22,2022-02-25 11:33:44,26-07-2022 08:22:48
2022-09-17,2022-05-18 07:31:56,28-12-2021 07:43:32
2022-10-24,2021-12-03 00:00:20,13-11-2022 08:24:46
2022-06-22,2022-01-30 17:51:37,12-08-2022 11:38:15
2021-12-01,2022-03-09 19:22:45,29-03-2022 15:53:51
2022-03-11,2022-08-06 07:29:23,30-05-2022 03:28:01
2021-12-16,2021-11-17 23:43:15,08-10-2022 09:08:39
2022-10-17,2022-10-13 00:35:48,26-05-2022 09:22:36
2022-05-20,2022-05-23 19:08:35,04-06-2022 16:16:42
2022-05-29,2021-11-16 10:01:27,24-12-2021 20:10:17
2022-05-31,2022-03-08 11:30:25,01-06-2022 17:39:29
2022-04-29,2022-04-18 22:34:17,03-10-2022 11:30:01
2022-07-06,2022-06-24 21:16:06,12-03-2022 20:59:22
2022-10-21,2022-02-28 04:40:20,17-11-2021 02:35:14
2022-04-30,2022-07-29 19:03:38,15-03-2022 05:35:16
2022-01-03,2022-02-18 14:43:48,01-07-2022 09:06:58
2022-09-01,2022-03-26 18:14:14,25-08-2022 14:10:21
2022-01-05,2022-01-21 22:01:46,03-12-2021 11:14:29
2022-06-10,2022-06-09 11:14:52,25-02-2022 06:00:29
2022-07-24,2022-01-09 20:31:08,17-08-2022 03:05:52
2022-05-14,2022-09-07 21:05:57,12-07-2022 03:51:21
2022-09-02,2021-11-18 10:38:28,24-01-2022 02:16:13
2022-03-03,2022-08-29 14:53:32,05-11-2022 19:38:54
2022-08-25,2022-02-24 13:05:54,05-03-2022 21:53:53
2022-08-31,2022-07-27 14:58:49,03-10-2022 08:53:51
2022-02-24,2022-06-10 22:12:08,06-08-2022 07:04:41
2022-02-11,2022-09-21 20:41:18,11-12-2021 22:52:03
2022-10-26,2022-09-18 05:03:18,06-02-2022 10:11:37
2022-09-26,2022-03-14 10:52:21,15-12-2021 12:02:59
2022-08-27,2022-07-22 19:52:55,27-06-2022 12:16:58
2022-01-27,2022-06-16 00:42:16,11-02-2022 10:27:56
2022-07-22,2022-04-12 22:30:04,19-03-2022 07:47:21
2022-03-08,2022-10-13 20:57:12,12-09-2022 03:15:18
2021-11-28,2022-10-02 23:23:17,14-11-2022 05:44:49
2022-08-20,2022-05-25 11:25:40,05-08-2022 18:13:45
2022-07-23,2022-05-22 22:47:05,21-04-2022 15:48:20
2022-07-04,2022-10-24 22:43:13,04-07-2022 14:03:13
2022-07-02,2022-02-09 10:32:02,06-04-2022 10:37:39
2021-11-20,2022-06-19 05:50:13,16-12-2021 01:39:35
2022-02-05,2022-02-03 17:31:01,16-04-2022 09:07:09
2022-07-21,2022-03-20 15:41:34,05-05-2022 12:48:00
2022-08-12,2021-12-01 01:57:46,17-04-2022 13:06:38
2022-04-23,2022-03-29 11:47:51,26-03-2022 07:51:04
2022-08-25,2022-05-31 02:27:20,07-01-2022 07:02:49
2022-04-03,2022-06-11 15:32:37,22-01-2022 16:09:38
2022-11-13,2022-10-14 13:43:47,17-05-2022 01:23:00
2022-09-07,2021-11-15 21:11:00,11-01-2022 00:20:10
2022-03-23,2022-10-29 08:11:11,02-03-2022 21:30:34
2022-05-04,2022-08-28 11:41:22,09-09-2022 18:13:22
2022-05-24,2022-02-17 09:27:26,02-09-2022 15:19:02
2022-09-06,2022-04-08 15:22:23,24-03-2022 14:18:40
2022-04-30,2022-05-05 04:22:52,04-06-2022 11:33:01
2022-09-20,2022-03-04 05:29:58,17-03-2022 17:45:26
2022-06-21,2022-03-07 19:33:02,15-03-2022 06:43:40
2022-08-04,2022-08-01 11:19:48,04-10-2022 06:29:00
2022-05-15,2022-10-24 20:05:32,19-04-2022 02:19:22
2022-10-02,2022-05-15 05:15:43,23-02-2022 13:54:42
2022-08-10,2022-03-18 10:22:03,08-01-2022 03:13:45
2022-07-01,2022-04-04 08:43:29,31-05-2022 16:13:58
2022-02-21,2022-06-23 22:28:11,21-12-2021 15:11:21
2021-11-30,2022-10-09 01:46:37,10-12-2021 15:01:41
2022-01-20,2022-06-24 18:23:02,11-01-2022 09:37:25
2022-02-15,2022-07-29 20:13:07,29-10-2022 12:32:54
2022-02-09,2022-04-06 07:40:53,17-04-2022 15:07:01
2022-03-26,2022-08-04 11:21:12,22-10-2022 23:44:09
2022-07-24,2022-07-22 15:37:43,24-08-2022 10:52:14
2022-09-29,2022-01-08 02:19:19,02-12-2021 09:34:39
2022-02-04,2022-08-06 22:14:20,26-05-2022 20:21:51
2021-11-30,2021-11-25 12:08:01,28-03-2022 12:47:38
2022-03-12,2022-04-01 17:13:13,07-07-2022 07:35:24
2022-08-04,2022-05-31 14:00:52,23-06-2022 14:27:55
2022-04-01,2022-04-01 13:11:50,04-04-2022 02:45:13
2022-07-05,2022-11-14 23:55:47,15-10-2022 14:44:42
2022-07-26,2022-06-13 01:50:25,10-09-2022 11:24:31
2022-08-20,2022-10-12 23:46:18,14-05-2022 06:48:41
2022-09-12,2022-11-13 18:21:37,18-05-2022 14:55:16
2022-01-08,2022-08-16 12:37:50,15-10-2022 04:51:39
2021-12-13,2022-06-26 19:50:18,07-07-2022 19:38:29
2022-01-04,2022-05-19 19:19:16,26-11-2021 17:07:44
2022-03-21,2021-12-24 01:02:10,01-06-2022 01:35:04
2022-01-18,2022-01-16 01:06:38,09-02-2022 16:31:02
2022-03-13,2021-12-14 12:40:42,08-10-2022 14:56:55
2022-01-10,2022-08-31 19:35:24,12-02-2022 19:47:30
2022-07-18,2022-09-05 05:57:01,14-05-2022 03:24:51
2022-03-01,2022-11-12 06:14:00,17-09-2022 16:01:53
2022-02-03,2022-02-24 23:19:11,02-05-2022 16:00:13
2022-09-08,2022-01-05 13:47:43,07-04-2022 20:45:58
2022-04-04,2022-09-04 05:15:39,02-01-2022 22:52:34
2022-02-03,2021-12-30 19:56:11,01-02-2022 04:49:45
2022-04-21,2022-05-03 12:18:05,11-06-2022 19:32:36
2022-02-02,2022-02-20 18:47:09,22-06-2022 22:12:00
2021-11-21,2022-10-16 11:36:53,01-07-2022 08:22:09
2022-04-24,2022-10-29 07:38:26,03-08-2022 04:05:57
2022-09-21,2022-06-09 03:25:56,09-10-2022 01:26:07
2022-04-22,2022-09-23 11:26:27,11-08-2022 18:02:13
2022-04-04,2022-10-16 07:57:06,19-04-2022 05:57:41
2022-05-18,2022-07-13 18:33:54,10-08-2022 17:08:00
2022-08-02,2022-04-30 15:25:30,25-08-2022 06:58:42
2022-07-25,2022-09-20 07:36:25,29-01-2022 17:06:27
2022-10-08,2022-02-13 02:13:47,02-11-2022 20:46:35
2022-03-04,2022-03-13 05:16:15,06-11-2022 01:49:13
2022-08-25,2022-09-26 03:08:44,16-12-2021 08:10:25
2022-05-14,2022-02-02 00:50:48,23-07-2022 07:35:13
2022-01-19,2022-10-28 15:19:13,07-07-2022 15:54:17
2022-08-22,2022-11-13 00:36:28,30-01-2022 21:05:47
2021-12-19,2022-05-11 10:02:24,27-04-2022 20:47:24
2022-04-23,2022-09-29 00:12:02,04-04-2022 20:35:46
2022-08-18,2022-07-18 17:09:56,04-02-2022 02:04:28
2022-05-25,2022-10-12 19:33:47,15-05-2022 04:53:43
2022-01-31,2022-07-05 11:28:12,16-02-2022 02:43:50
2022-01-24,2022-11-01 15:24:00,26-05-2022 19:51:26
2022-06-26,2022-09-29 20:44:05,02-03-2022 01:57:10
2022-08-28,2022-08-23 17:38:20,22-04-2022 06:02:54
2022-09-21,2022-08-18 16:37:58,11-11-2022 16:26:30
2022-01-23,2022-06-17 10:00:47,11-05-2022 20:29:46
2022-02-01,2021-12-06 11:08:37,08-06-2022 01:50:58
2021-12-03,2022-01-15 00:01:39,07-03-2022 12:17:26
2022-03-11,2021-11-21 20:25:37,18-07-2022 16:18:58
2022-10-29,2022-10-13 00:02:02,29-12-2021 08:32:12
2022-01-06,2022-04-17 14:53:13,05-11-2022 06:16:55
2022-01-31,2021-11-27 08:26:58,14-10-2022 05:17:06
2022-05-12,2022-01-14 08:14:56,04-03-2022 20:30:35
2022-04-27,2021-11-24 14:23:03,28-03-2022 18:32:11
2022-06-03,2022-04-16 16:08:08,25-11-2021 20:31:58
2022-01-24,2022-01-01 00:29:09,01-04-2022 23:00:08
2022-09-12,2022-11-02 03:22:44,15-11-2021 15:13:32
2022-03-18,2022-05-01 03:29:58,27-09-2022 17:18:30
2022-05-18,2022-05-28 02:41:17,27-10-2022 01:39:28
2022-03-04,2022-07-28 15:04:53,15-06-2022 08:05:23
2022-04-25,2022-05-28 04:10:22,14-12-2021 11:53:24
2022-07-06,2022-05-11 23:49:34,22-03-2022 21:37:41
2022-04-18,2022-04-28 02:15:54,08-09-2022 08:27:23
2022-10-05,2022-10-18 04:26:59,29-07-2022 07:01:29
2022-10-08,2022-06-20 00:27:42,27-09-2022 16:41:22
2021-12-28,2021-12-06 23:53:20,13-07-2022 18:12:58
2022-03-28,2021-11-18 14:55:49,07-07-2022 16:36:28
2022-02-13,2022-01-12 05:57:38,18-04-2022 07:42:56
2022-04-21,2022-08-26 12:30:45,15-06-2022 12:51:30
2021-11-26,2022-10-22 19:12:34,04-05-2022 22:46:21
2022-08-25,2022-05-28 13:47:54,16-12-2021 23:24:43
2022-07-08,2022-10-12 03:40:40,19-12-2021 18:14:32
2021-12-23,2022-08-19 06:55:21,03-09-2022 00:33:15
2022-04-20,2022-01-02 20:23:00,04-11-2022 03:04:56
2022-04-21,2022-04-04 00:43:06,27-03-2022 14:04:43
2022-03-07,2022-10-10 00:28:46,15-06-2022 10:03:17
2022-09-23,2022-04-27 15:59:32,13-05-2022 06:47:03
2022-08-15,2022-06-12 12:00:27,18-09-2022 01:51:38
2021-12-26,2022-05-21 02:46:14,11-04-2022 12:46:15
2022-10-09,2022-05-17 00:10:40,24-10-2022 13:43:41
2022-07-18,2022-04-28 14:18:40,18-01-2022 22:31:04
2022-05-14,2022-04-19 04:38:30,03-12-2021 22:42:24
2022-10-31,2022-05-13 20:52:00,25-02-2022 21:38:03
2022-08-05,2022-03-30 02:07:51,15-11-2021 22:21:15
2022-02-21,2022-10-28 05:48:07,23-11-2021 02:52:50
2022-11-13,2022-06-07 07:40:11,11-12-2021 09:33:33
2022-01-24,2022-09-20 05:58:59,25-10-2022 14:38:45
2022-03-10,2022-03-22 13:54:06,31-07-2022 13:04:13
2022-02-24,2022-01-09 07:55:56,13-11-2022 02:15:53
2022-09-26,2022-03-29 14:07:48,05-12-2021 07:43:20
2022-02-01,2022-01-18 04:59:45,27-12-2021 22:37:09
2022-03-29,2021-12-26 12:52:50,10-04-2022 09:27:12
2022-02-09,2022-05-23 01:59:12,14-04-2022 23:34:13
2022-01-03,2022-11-10 19:38:13,20-04-2022 16:47:30
2021-11-16,2022-09-05 00:15:50,16-11-2021 08:18:21
2022-04-17,2022-04-17 16:37:20,19-05-2022 12:12:48
2021-11-28,2021-11-19 02:08:33,05-09-2022 05:07:59
2022-03-10,2022-07-18 15:37:46,24-12-2021 22:06:22
2022-03-05,2022-06-23 10:24:02,28-05-2022 16:40:40
2022-09-16,2022-03-11 13:41:27,31-03-2022 21:59:30
2021-12-12,2022-02-20 01:19:19,16-04-2022 06:10:49
2022-09-06,2022-09-16 18:09:56,22-10-2022 22:37:11
2022-08-23,2022-11-12 20:39:04,27-08-2022 19:58:05
2022-05-30,2022-07-12 23:36:43,12-01-2022 21:44:40
2022-02-07,2022-09-25 19:20:36,09-06-2022 08:44:36
2022-08-25,2022-06-18 16:41:45,04-11-2022 09:46:27
2022-03-24,2022-08-04 23:32:39,02-05-2022 17:52:25
2022-06-27,2022-06-01 14:56:39,23-03-2022 13:34:59
2022-04-11,2022-11-10 05:16:16,27-01-2022 12:01:09
2022-05-31,2022-09-10 13:28:11,13-10-2022 09:39:23
2021-11-17,2022-08-14 02:25:40,21-04-2022 10:49:49
2022-01-25,2021-12-13 05:16:08,28-06-2022 10:09:27
2022-03-15,2022-07-23 11:41:51,13-10-2022 16:04:08
2022-04-02,2021-12-12 20:54:58,09-12-2021 13:08:01
2021-11-20,2022-08-08 14:22:39,12-09-2022 13:30:22
2022-08-29,2022-05-17 22:31:56,13-04-2022 11:48:30
2021-12-16,2021-12-02 07:45:23,01-07-2022 11:00:27
2022-10-18,2022-03-09 04:30:28,15-08-2022 12:09:17
2022-05-15,2022-10-03 10:52:47,01-02-2022 08:09:17
2022-05-05,2022-04-22 11:17:42,17-06-2022 00:43:14
2021-12-15,2022-03-21 19:46:15,21-03-2022 21:52:32
2021-11-29,2022-06-12 20:24:31,21-02-2022 04:49:32
2021-12-05,2022-02-15 08:13:17,31-07-2022 10:20:14
2022-08-13,2021-12-07 11:47:22,05-09-2022 02:32:55
2022-04-21,2022-08-16 09:30:22,25-10-2022 16:09:48
2022-04-02,2022-06-06 07:16:59,30-10-2022 21:57:38
2022-10-13,2021-12-28 09:58:10,29-12-2021 19:40:53
2022-04-03,2022-01-30 10:36:29,18-01-2022 20:12:33
2021-12-04,2022-07-01 18:33:21,15-06-2022 04:10:19
2022-07-23,2022-01-17 13:10:49,05-09-2022 02:48:14
2022-04-07,2022-06-28 20:20:41,15-09-2022 01:46:05
2022-03-06,2022-01-21 11:16:19,24-10-2022 03:15:48
2022-10-16,2022-02-05 02:08:20,16-04-2022 15:13:36
2022-03-13,2022-07-26 19:30:57,22-09-2022 19:31:57
2022-10-25,2022-05-05 07:33:06,10-09-2022 21:36:13
2022-10-21,2022-09-15 18:09:00,07-08-2022 11:48:36
2022-05-15,2022-05-11 21:36:30,11-05-2022 06:14:04
2022-03-10,2022-05-12 12:45:46,21-04-2022 16:43:57
2022-10-19,2021-12-23 21:22:55,11-10-2022 07:29:17
2022-02-11,2022-08-20 20:34:53,05-08-2022 14:45:44
2022-03-20,2022-10-15 02:19:57,06-02-2022 07:14:34
2022-08-31,2022-08-08 15:31:23,25-02-2022 18:56:21
2022-11-02,2022-04-30 19:51:41,07-07-2022 20:06:07
2022-06-21,2022-04-14 04:41:53,10-11-2022 19:01:27
2022-08-20,2021-12-28 02:39:49,24-12-2021 02:00:19
2022-02-21,2022-01-26 12:08:56,17-02-2022 18:19:16
2022-02-15,2022-01-21 11:01:55,23-03-2022 11:40:48
2022-06-09,2022-05-13 23:46:40,01-07-2022 12:07:43
2021-12-03,2022-05-27 23:32:18,17-12-2021 00:10:30
2022-07-16,2022-02-25 06:37:54,24-02-2022 21:40:11
2022-05-27,2022-10-22 21:38:05,08-01-2022 20:08:58
2022-04-04,2022-09-13 02:23:04,11-10-2022 07:05:28
2022-11-14,2022-07-26 11:32:44,19-06-2022 12:33:59
2022-03-03,2022-07-22 23:21:10,03-10-2022 18:49:42
2021-12-12,2022-08-05 01:26:11,18-03-2022 17:33:30
2022-02-21,2022-07-21 15:06:19,02-06-2022 13:38:34
2021-12-31,2021-11-23 08:17:32,24-06-2022 16:15:13
2022-01-09,2022-01-26 21:02:57,29-07-2022 06:19:47
2022-05-06,2021-12-07 11:54:05,14-12-2021 18:39:20
2022-04-05,2022-09-26 18:57:36,12-02-2022 18:15:08
2022-02-02,2022-08-08 23:05:44,18-06-2022 19:54:32
2022-08-12,2022-05-31 00:09:59,23-07-2022 05:31:36
2022-10-30,2021-12-24 09:06:20,18-07-2022 21:27:52
2021-12-03,2022-07-14 00:13:11,22-09-2022 14:27:43
2021-12-11,2021-12-22 18:22:21,02-01-2022 13:25:38
2022-07-27,2022-10-20 13:39:19,09-11-2022 02:05:37
2022-05-14,2022-06-07 23:47:02,25-02-2022 12:38:00
2022-03-24,2022-06-29 02:46:00,25-02-2022 20:40:16
2022-06-05,2022-04-16 20:59:11,29-09-2022 06:13:17
2022-01-15,2022-04-09 07:39:16,07-09-2022 03:55:45
2022-02-10,2022-10-02 15:57:41,12-05-2022 22:50:14
2021-12-13,2022-08-26 23:38:07,14-09-2022 23:59:56
2022-03-30,2021-11-30 23:16:37,02-06-2022 11:12:35
2022-03-02,2022-02-09 16:42:11,17-07-2022 11:35:50
2022-10-20,2022-01-02 15:26:17,15-11-2021 22:32:03
2022-02-16,2022-05-25 20:25:27,01-08-2022 13:42:12
2022-07-26,2022-09-25 00:52:50,14-10-2022 16:52:22
2022-05-02,2022-07-06 17:46:57,07-04-2022 13:19:10
2022-03-22,2022-02-02 04:46:45,01-10-2022 05:07:34
2022-02-24,2022-08-19 02:25:11,02-10-2022 01:44:17
2021-12-02,2022-08-28 10:15:31,03-12-2021 21:06:29
2022-10-20,2022-06-29 11:53:50,07-10-2022 09:51:07
2022-04-29,2022-03-31 01:37:33,19-09-2022 22:29:40
2022-11-01,2022-03-12 09:20:21,22-11-2021 23:01:43
2021-12-02,2022-03-01 18:53:00,06-12-2021 02:00:35
2022-10-27,2022-08-22 17:10:25,13-01-2022 00:35:46
2022-07-21,2022-07-19 10:45:41,27-04-2022 08:03:17
2022-07-05,2022-07-20 04:17:06,15-02-2022 14:19:02
2022-01-03,2022-07-05 21:33:46,25-11-2021 09:28:02
2022-02-01,2022-07-18 00:58:57,07-04-2022 00:12:03
2021-12-17,2022-01-08 01:50:25,31-05-2022 14:02:40
2022-05-02,2021-12-21 07:24:12,14-08-2022 03:05:08
2022-07-28,2022-07-31 10:50:19,09-03-2022 15:04:58
2022-09-23,2022-10-11 17:04:46,20-07-2022 22:18:29
2022-04-08,2022-09-17 06:34:34,24-11-2021 15:10:22
2022-07-16,2022-05-06 17:35:53,15-10-2022 14:43:14
2022-03-24,2022-03-28 19:34:47,27-04-2022 09:41:05
2022-05-08,2022-03-20 12:51:02,16-10-2022 07:19:12
2022-10-20,2021-12-28 20:57:10,31-08-2022 23:26:56
2022-01-10,2022-01-31 19:21:21,15-05-2022 14:42:52
2022-04-10,2022-07-10 08:56:16,01-02-2022 06:42:59
2022-02-05,2022-05-28 21:19:24,17-08-2022 16:19:43
2022-05-13,2022-07-12 19:14:39,28-04-2022 01:04:43
2022-11-05,2022-11-03 08:04:59,01-05-2022 15:48:33
2022-06-17,2022-02-28 13:08:15,18-12-2021 15:22:55
2022-06-29,2022-04-02 17:39:29,27-01-2022 11:27:06
2022-05-20,2022-06-11 03:05:01,03-10-2022 23:36:39
2022-02-15,2022-01-31 18:50:14,07-04-2022 09:49:46
2022-02-23,2021-12-08 07:06:28,11-11-2022 10:41:45
2022-09-17,2022-04-08 03:09:24,14-09-2022 11:21:55
2021-12-11,2022-03-07 19:54:09,02-06-2022 15:18:00
2021-11-18,2021-11-26 10:05:09,06-02-2022 14:15:57
2022-08-11,2022-05-22 01:34:21,22-04-2022 04:14:58
2022-06-14,2022-11-04 23:24:31,05-09-2022 10:02:08
2022-09-09,2022-03-02 02:46:07,07-06-2022 11:53:43
2022-08-22,2022-04-27 15:06:47,17-04-2022 05:39:25
2022-11-02,2022-04-29 23:07:44,04-08-2022 21:00:38
2022-01-10,2021-11-19 16:17:11,20-06-2022 06:51:14
2022-09-26,2022-01-12 16:48:17,07-03-2022 22:54:43
2022-01-11,2021-12-17 09:14:34,05-06-2022 14:53:44
2022-10-03,2022-01-10 02:16:45,31-01-2022 03:33:10
2022-07-22,2022-03-29 03:08:24,15-05-2022 22:39:26
2022-04-24,2022-01-04 08:24:28,14-09-2022 15:37:15
2022-03-20,2021-11-25 20:01:17,13-10-2022 07:49:58
2022-03-01,2022-07-08 19:24:20,05-09-2022 03:05:30
2022-03-15,2022-07-12 04:18:04,14-04-2022 01:35:59
2021-12-27,2022-04-04 10:35:49,03-09-2022 02:06:11
2022-08-20,2022-06-08 04:37:00,18-05-2022 06:55:34
2022-10-18,2022-09-17 14:30:22,01-08-2022 07:40:54
2022-07-02,2022-04-25 02:42:03,15-05-2022 18:50:47
2022-06-08,2022-07-23 17:56:55,29-01-2022 05:22:38
2022-08-30,2022-09-04 00:40:22,01-08-2022 10:11:23
2022-03-09,2022-02-17 09:28:02,27-01-2022 22:48:31
2022-04-05,2022-05-27 14:48:53,04-12-2021 18:59:56
2022-05-25,2022-02-24 08:49:00,09-09-2022 00:20:59
2022-10-09,2022-09-09 00:47:33,16-04-2022 02:35:06
2022-08-27,2022-09-15 09:11:58,24-04-2022 10:34:20
2022-11-14,2022-04-04 19:02:45,17-03-2022 06:42:13
2022-09-17,2021-11-23 21:18:50,16-03-2022 03:13:55
2022-07-09,2022-04-27 15:03:58,20-01-2022 10:35:09
2022-08-14,2022-03-07 04:32:51,16-12-2021 01:57:43
2022-10-31,2022-04-11 01:10:26,02-09-2022 06:06:14
2022-04-23,2022-01-06 02:36:01,15-06-2022 21:31:37
2022-08-25,2022-06-30 04:39:02,18-10-2022 12:28:03
2021-11-24,2022-04-09 23:51:33,16-08-2022 07:48:08
2022-07-26,2022-05-05 05:46:09,07-12-2021 23:33:48
2022-09-07,2022-08-25 12:22:34,09-01-2022 15:28:34
2022-06-05,2022-06-16 23:46:54,16-02-2022 21:50:32
2022-07-09,2022-11-14 03:08:02,04-05-2022 10:31:50
2021-12-14,2022-02-10 04:58:13,02-02-2022 23:51:59
2022-06-03,2022-09-16 01:12:11,03-11-2022 07:04:16
2022-03-04,2022-04-12 13:49:49,14-08-2022 11:37:03
2022-06-16,2022-06-23 00:36:03,09-12-2021 07:44:50
2021-12-12,2022-05-17 02:09:56,13-01-2022 01:30:12
2022-09-09,2022-05-28 04:36:04,18-10-2022 03:38:04
2022-03-13,2022-10-17 17:03:29,24-07-2022 16:17:45
2022-02-01,2022-01-07 16:20:33,15-12-2021 06:51:33
2022-04-24,2021-12-23 19:38:53,18-12-2021 17:45:44
2022-08-22,2021-12-26 04:20:55,30-03-2022 19:40:15
2022-07-01,2022-07-25 17:09:40,07-10-2022 09:47:18
2022-07-12,2022-02-08 13:32:58,10-01-2022 19:48:19
2022-03-30,2022-03-06 11:52:12,07-09-2022 23:07:13
2022-05-24,2022-01-17 19:44:56,17-11-2021 15:25:44
2022-01-29,2022-08-13 08:46:18,04-10-2022 19:28:34
2021-12-23,2022-10-26 08:47:30,02-03-2022 04:12:44
2022-02-24,2021-12-19 10:01:24,30-06-2022 20:02:23
2022-05-31,2022-03-10 00:04:30,11-05-2022 06:38:41
2022-06-16,2022-08-12 14:13:36,17-06-2022 12:21:09
2022-09-28,2022-09-18 09:53:08,12-01-2022 18:57:34
2022-08-09,2022-10-01 17:32:38,21-11-2021 09:29:44
2022-05-11,2022-08-06 16:02:55,29-07-2022 16:33:05
2022-04-15,2022-07-10 06:38:59,03-11-2022 17:01:48
2022-04-10,2022-07-18 01:41:55,26-07-2022 04:08:29
2022-06-08,2022-01-04 02:31:05,20-04-2022 01:07:52
2022-10-20,2022-01-24 18:46:17,29-05-2022 12:23:27
2022-07-13,2022-07-10 14:37:36,29-10-2022 16:39:24
2022-04-14,2022-04-16 03:31:45,02-06-2022 15:32:40
2022-02-27,2021-12-24 16:44:38,16-02-2022 14:41:41
2022-02-15,2021-12-06 07:34:31,18-08-2022 00:42:36
2022-10-27,2022-05-17 22:30:10,11-06-2022 06:16:19
2021-12-09,2022-03-21 17:38:02,19-06-2022 11:28:01
2022-03-27,2022-02-18 07:42:58,04-07-2022 06:45:17
2022-01-10,2022-06-14 01:07:02,03-07-2022 23:32:19
2022-08-12,2022-10-03 09:23:00,19-10-2022 11:36:03
2022-04-30,2022-03-07 15:43:16,18-02-2022 19:28:17
2022-09-30,2022-03-26 10:11:56,10-10-2022 03:45:55
2022-10-20,2022-02-06 18:59:33,10-08-2022 06:14:21
2022-02-22,2021-12-11 14:48:09,16-01-2022 05:14:59
2022-05-01,2022-02-20 23:29:19,24-01-2022 00:43:26
2022-08-30,2022-10-05 08:52:33,22-04-2022 01:20:09
2022-06-21,2022-11-04 10:27:26,05-12-2021 18:58:38
2022-10-28,2022-03-08 19:45:00,24-07-2022 13:58:19
2022-08-10,2022-10-25 11:26:51,18-12-2021 11:02:12
2021-11-21,2021-12-11 20:20:55,23-05-2022 22:14:47
2022-11-05,2021-12-19 06:16:33,27-10-2022 14:48:15
2022-04-14,2022-09-11 19:18:08,15-11-2021 05:43:34
2022-03-02,2022-05-18 14:57:42,28-09-2022 08:03:35
2021-12-13,2022-05-22 21:58:20,01-11-2022 15:45:53
2022-07-18,2022-02-22 14:40:05,21-09-2022 17:33:07
2022-06-29,2022-03-10 22:21:07,04-07-2022 07:37:38
