time_1,date_ti,date_time_2
17:54:02.000,2022-09-15 22:47:05,5:40:01.000 PM
15:13:55.000,2022-05-21 02:30:12,3:50:43.000 AM
10:30:55.000,2022-10-11 11:12:11,3:33:13.000 PM
12:28:13.000,2022-06-14 06:11:39,12:22:24.000 AM
12:38:58.000,2022-06-12 18:19:34,4:23:13.000 PM
1:28:47.000,2022-06-30 22:26:17,4:56:26.000 PM
14:16:50.000,2022-06-19 05:58:17,4:51:59.000 PM
20:58:28.000,2022-10-18 22:46:53,1:44:55.000 AM
13:57:09.000,2022-02-12 12:07:52,3:17:27.000 AM
12:50:10.000,2021-12-11 20:28:03,5:26:04.000 PM
1:14:04.000,2022-10-05 23:52:14,10:09:46.000 AM
14:52:56.000,2022-02-11 05:18:05,1:32:53.000 AM
3:44:13.000,2022-06-18 11:01:24,6:54:31.000 AM
21:41:15.000,2021-11-19 01:25:30,4:27:25.000 AM
14:16:56.000,2022-07-13 19:43:47,8:02:33.000 AM
7:03:34.000,2022-10-19 21:20:39,2:24:03.000 AM
7:58:52.000,2022-09-06 22:12:33,3:30:50.000 AM
11:47:00.000,2022-04-03 10:35:28,10:26:42.000 PM
16:44:51.000,2022-09-16 08:00:23,9:42:22.000 PM
6:51:32.000,2022-07-03 23:31:28,2:03:02.000 PM
17:24:42.000,2022-02-11 17:41:37,1:53:52.000 AM
19:32:36.000,2022-03-13 08:54:36,1:57:49.000 PM
23:34:47.000,2022-07-07 03:39:45,8:54:28.000 AM
0:13:24.000,2021-11-21 21:45:55,2:28:28.000 PM
15:33:53.000,2022-03-14 12:44:49,8:12:13.000 PM
4:48:23.000,2022-09-09 17:58:16,1:49:43.000 PM
21:19:56.000,2021-12-07 14:13:14,3:08:26.000 AM
8:27:39.000,2022-09-17 05:16:21,6:16:32.000 PM
17:19:38.000,2022-04-28 09:11:31,1:07:31.000 AM
8:48:00.000,2021-11-29 09:55:25,5:40:49.000 AM
4:23:58.000,2022-03-20 07:56:46,9:09:26.000 AM
19:55:25.000,2022-06-26 15:24:56,2:15:11.000 AM
2:15:45.000,2022-01-29 19:15:11,9:41:30.000 AM
10:43:40.000,2022-02-28 05:03:59,6:48:11.000 AM
16:47:42.000,2021-11-14 19:13:47,4:25:07.000 PM
23:46:35.000,2022-08-31 09:03:12,6:23:49.000 AM
22:17:48.000,2022-11-06 12:11:50,5:25:22.000 PM
18:39:30.000,2022-09-19 11:43:52,1:10:11.000 AM
17:21:54.000,2022-01-06 17:14:30,1:16:17.000 AM
14:13:20.000,2022-04-03 08:38:05,11:18:48.000 AM
9:30:47.000,2021-12-16 17:49:48,2:06:22.000 PM
13:30:37.000,2022-02-02 20:08:30,1:59:23.000 PM
1:56:21.000,2022-10-21 03:00:02,9:37:01.000 PM
19:11:17.000,2022-07-05 07:07:49,9:12:48.000 PM
5:21:00.000,2022-08-16 18:45:49,7:47:14.000 PM
8:43:04.000,2022-05-11 21:27:27,7:53:55.000 AM
5:38:49.000,2022-08-17 04:48:03,1:09:03.000 PM
12:29:42.000,2022-08-20 21:46:28,4:12:37.000 AM
11:58:16.000,2022-01-24 02:14:18,12:03:57.000 AM
21:29:57.000,2022-04-18 21:47:59,7:38:42.000 AM
9:57:30.000,2022-11-01 16:42:32,5:47:20.000 PM
11:38:35.000,2022-02-12 15:03:28,3:04:38.000 PM
19:09:58.000,2021-12-18 07:54:11,7:46:32.000 PM
6:07:15.000,2022-03-12 20:24:17,5:03:09.000 PM
10:35:22.000,2022-06-08 22:34:33,2:17:05.000 PM
5:25:09.000,2022-03-08 11:45:47,10:31:47.000 PM
20:44:02.000,2022-07-24 08:24:29,10:41:56.000 AM
2:30:11.000,2022-01-14 01:10:31,5:36:37.000 PM
23:15:01.000,2022-01-26 13:24:09,12:18:27.000 PM
6:44:26.000,2021-12-20 18:53:28,9:59:06.000 PM
12:58:36.000,2021-12-07 00:35:16,8:55:10.000 AM
9:05:05.000,2022-09-25 12:34:07,2:29:41.000 AM
7:36:11.000,2022-10-29 11:33:36,1:49:22.000 AM
19:47:49.000,2022-05-06 16:30:50,7:03:46.000 AM
2:39:56.000,2022-05-26 10:17:08,10:32:14.000 AM
1:05:41.000,2021-11-25 16:01:16,7:28:03.000 AM
12:14:05.000,2022-03-08 03:16:17,10:23:13.000 PM
16:14:12.000,2022-04-07 02:06:41,11:33:14.000 AM
1:21:38.000,2022-01-15 13:31:22,9:20:58.000 AM
11:55:55.000,2022-05-13 22:20:37,5:43:01.000 PM
20:31:10.000,2022-05-20 00:59:40,2:38:16.000 PM
18:41:55.000,2022-09-11 08:51:12,9:00:14.000 AM
0:51:00.000,2022-05-30 04:29:47,4:56:55.000 PM
21:55:02.000,2022-10-27 00:48:35,3:25:45.000 AM
0:18:43.000,2022-08-03 07:52:44,12:53:37.000 AM
21:14:47.000,2022-06-26 15:23:45,2:40:53.000 PM
1:25:21.000,2022-06-09 04:12:38,11:45:09.000 PM
8:24:49.000,2022-03-30 09:01:12,8:26:22.000 AM
2:11:33.000,2022-05-18 22:54:01,3:44:45.000 AM
0:42:26.000,2022-06-22 08:36:33,9:37:35.000 PM
9:00:51.000,2022-03-25 16:24:32,3:08:32.000 PM
14:38:15.000,2021-12-01 05:05:02,3:43:10.000 PM
14:48:08.000,2022-02-28 17:37:29,5:04:52.000 AM
21:37:18.000,2022-06-02 06:21:42,7:31:38.000 AM
2:52:21.000,2022-08-18 12:59:20,11:50:23.000 PM
2:36:05.000,2022-07-27 11:26:37,11:06:28.000 AM
9:00:49.000,2022-06-15 06:55:28,8:50:59.000 PM
1:26:42.000,2021-11-23 07:39:34,2:10:15.000 PM
19:39:19.000,2022-10-30 06:13:56,4:46:36.000 AM
3:24:15.000,2022-10-26 03:42:19,7:31:42.000 AM
13:27:49.000,2021-12-07 22:56:05,4:19:13.000 PM
17:34:09.000,2021-11-28 17:09:22,1:36:56.000 AM
3:06:14.000,2022-05-16 00:07:53,3:46:21.000 PM
6:56:52.000,2022-05-13 17:04:19,3:11:29.000 PM
6:37:55.000,2022-06-09 07:21:05,1:55:58.000 AM
19:26:46.000,2021-12-13 16:51:50,3:50:43.000 AM
14:43:23.000,2022-02-14 04:38:43,11:50:48.000 AM
20:40:04.000,2022-04-03 10:17:49,3:19:12.000 AM
12:54:40.000,2022-09-30 12:37:34,4:52:32.000 PM
17:20:20.000,2022-10-31 00:51:18,9:13:38.000 AM
11:26:42.000,2022-03-13 15:46:40,3:37:49.000 AM
4:07:00.000,2022-04-22 10:57:26,4:05:50.000 PM
1:37:32.000,2022-10-20 19:45:33,8:38:48.000 PM
6:47:33.000,2022-11-07 00:04:16,3:40:54.000 AM
23:39:18.000,2022-05-25 23:03:54,9:59:43.000 PM
18:34:43.000,2022-03-05 20:51:42,11:16:14.000 AM
11:01:39.000,2022-03-12 19:19:48,12:18:52.000 PM
13:59:49.000,2022-06-06 11:33:04,8:58:29.000 PM
16:34:29.000,2022-08-31 06:46:45,10:50:23.000 AM
7:47:50.000,2022-03-29 23:53:53,1:06:54.000 AM
0:13:07.000,2022-05-07 18:17:00,11:56:37.000 PM
5:52:38.000,2022-07-13 08:09:56,7:57:23.000 AM
13:50:55.000,2022-08-21 06:02:44,11:28:39.000 AM
13:41:47.000,2022-05-21 14:28:35,10:45:10.000 PM
3:54:29.000,2022-10-12 07:31:19,7:42:57.000 AM
17:43:22.000,2021-12-17 16:45:55,5:31:54.000 AM
9:54:43.000,2022-05-11 01:22:52,11:56:37.000 AM
8:20:46.000,2022-04-13 22:22:31,11:39:00.000 AM
12:53:13.000,2022-04-22 18:17:56,4:08:32.000 PM
0:35:48.000,2022-07-02 11:56:21,12:15:49.000 AM
12:07:48.000,2022-08-07 18:30:58,11:09:30.000 PM
6:08:03.000,2022-08-23 06:06:05,4:48:50.000 AM
14:13:19.000,2022-07-25 22:09:16,3:50:20.000 AM
0:30:48.000,2022-10-12 16:32:40,12:37:46.000 AM
2:58:08.000,2022-03-18 17:53:09,10:16:06.000 PM
5:24:57.000,2022-04-16 18:12:50,11:41:47.000 PM
11:02:22.000,2022-04-21 14:24:29,6:09:05.000 PM
11:26:16.000,2022-07-01 12:21:06,10:06:34.000 PM
11:39:06.000,2021-12-26 02:53:14,12:14:59.000 AM
7:41:58.000,2022-02-19 21:06:50,10:48:18.000 PM
19:37:06.000,2022-07-06 13:13:29,3:41:44.000 PM
5:20:56.000,2022-05-31 03:32:25,7:51:57.000 PM
23:26:23.000,2022-07-03 18:43:21,2:22:57.000 AM
11:04:25.000,2022-08-17 09:16:06,7:47:47.000 PM
1:21:00.000,2021-12-10 22:01:18,6:30:11.000 AM
13:59:45.000,2022-09-05 22:45:40,9:20:38.000 PM
20:29:41.000,2022-06-30 09:40:34,10:43:46.000 PM
5:30:20.000,2022-09-22 20:07:21,5:23:56.000 AM
1:18:00.000,2021-12-09 23:40:43,4:53:32.000 PM
22:57:18.000,2022-07-07 22:09:54,8:01:55.000 PM
1:27:55.000,2022-01-14 12:28:17,5:16:54.000 AM
11:22:16.000,2022-05-31 06:01:11,1:10:14.000 AM
17:30:43.000,2021-11-16 05:28:46,2:53:21.000 PM
3:15:52.000,2022-02-13 10:36:05,1:44:13.000 AM
20:33:20.000,2022-10-03 01:00:43,9:27:37.000 PM
13:40:53.000,2022-06-14 11:58:47,4:16:53.000 PM
15:15:44.000,2021-12-19 04:20:22,6:32:49.000 PM
10:24:41.000,2021-12-22 12:18:49,5:37:37.000 AM
7:43:50.000,2022-04-22 20:13:27,9:30:12.000 PM
13:31:20.000,2021-11-29 19:09:41,5:09:27.000 PM
14:28:29.000,2022-10-12 06:12:39,1:08:53.000 PM
22:08:48.000,2022-10-27 11:58:21,11:06:22.000 AM
18:18:44.000,2022-08-16 06:04:56,3:33:56.000 AM
12:16:13.000,2022-09-19 06:57:26,4:03:24.000 AM
1:43:14.000,2022-07-24 18:57:29,8:48:54.000 AM
20:55:48.000,2022-05-09 20:56:35,10:30:06.000 AM
21:52:54.000,2021-11-22 00:13:55,11:46:34.000 PM
22:02:30.000,2022-03-30 12:59:18,6:34:02.000 PM
3:12:38.000,2022-09-17 10:38:28,3:51:51.000 PM
20:06:30.000,2022-07-24 13:16:03,7:02:05.000 PM
4:26:30.000,2022-07-06 14:54:43,9:24:44.000 PM
13:28:26.000,2021-12-14 06:42:51,9:22:39.000 PM
23:43:37.000,2022-05-30 17:20:43,5:25:32.000 PM
20:06:47.000,2022-04-23 07:41:33,7:43:12.000 PM
21:18:22.000,2022-05-16 03:47:56,9:11:19.000 AM
10:48:59.000,2022-01-15 13:17:09,9:43:48.000 PM
0:06:15.000,2021-12-16 05:59:46,2:18:09.000 AM
3:56:37.000,2022-01-22 13:33:57,10:11:06.000 PM
13:40:21.000,2022-01-19 17:25:41,10:44:29.000 PM
2:52:44.000,2021-12-11 02:08:59,11:45:21.000 PM
0:14:28.000,2022-06-25 21:02:23,12:24:37.000 AM
1:14:02.000,2022-01-02 10:13:01,8:25:50.000 PM
20:41:43.000,2022-05-07 14:46:01,9:24:06.000 PM
20:55:18.000,2021-11-25 20:13:16,3:24:10.000 PM
0:42:59.000,2021-12-14 17:55:17,3:27:28.000 AM
9:18:16.000,2022-04-30 21:17:50,8:47:12.000 AM
13:42:29.000,2021-12-12 22:49:46,1:12:32.000 AM
18:53:31.000,2022-01-02 21:40:57,12:07:27.000 AM
11:48:35.000,2022-10-07 06:17:01,1:17:54.000 PM
15:15:31.000,2022-09-25 21:26:23,4:16:50.000 AM
14:10:04.000,2021-11-27 05:22:10,2:34:31.000 AM
1:43:28.000,2022-02-12 07:32:43,7:52:09.000 AM
6:03:58.000,2022-10-17 12:30:30,5:36:05.000 PM
18:09:30.000,2022-06-25 05:38:03,7:14:52.000 AM
13:38:46.000,2022-01-18 19:44:20,5:35:16.000 AM
10:15:36.000,2022-03-07 04:31:05,4:11:45.000 PM
13:51:55.000,2022-04-27 04:27:26,3:14:20.000 AM
10:02:11.000,2022-05-27 17:29:07,8:33:29.000 PM
16:46:11.000,2022-03-16 23:40:42,7:31:08.000 AM
3:35:22.000,2022-07-05 21:16:53,8:33:06.000 PM
23:25:11.000,2022-08-29 03:56:28,7:40:03.000 PM
16:57:21.000,2022-06-17 18:04:45,2:07:33.000 AM
16:19:38.000,2022-04-09 10:26:09,10:27:23.000 PM
5:44:14.000,2022-09-10 00:19:20,5:26:32.000 AM
22:30:14.000,2022-08-31 00:20:39,12:51:09.000 PM
19:27:31.000,2021-12-31 09:13:44,10:16:57.000 PM
16:41:31.000,2021-12-17 02:37:03,7:51:20.000 AM
6:33:18.000,2021-12-10 16:08:52,10:10:31.000 AM
6:35:15.000,2022-01-24 22:48:11,8:41:39.000 AM
2:01:48.000,2022-02-12 15:37:48,8:41:09.000 AM
15:11:34.000,2021-11-20 07:05:52,5:02:33.000 AM
9:43:21.000,2021-12-11 11:39:54,11:08:07.000 AM
0:07:17.000,2022-01-19 04:50:02,9:45:44.000 AM
14:21:30.000,2022-02-02 22:26:06,1:34:45.000 PM
13:18:36.000,2022-03-21 00:10:28,1:34:37.000 PM
2:56:13.000,2022-09-14 07:33:30,11:04:40.000 PM
3:36:47.000,2022-09-10 16:22:04,7:51:54.000 PM
5:48:08.000,2022-01-06 06:49:31,9:37:30.000 PM
10:08:11.000,2022-02-09 07:18:15,12:36:17.000 AM
23:16:00.000,2022-07-04 12:22:01,7:02:58.000 AM
21:56:57.000,2022-04-30 22:22:42,7:52:18.000 PM
15:02:40.000,2022-02-20 22:02:21,12:15:39.000 PM
20:28:21.000,2021-12-01 00:41:44,2:08:04.000 AM
19:24:54.000,2022-02-01 03:26:06,12:28:32.000 AM
6:52:02.000,2022-05-18 11:44:43,6:36:51.000 AM
16:32:32.000,2022-09-10 20:00:44,11:20:49.000 PM
23:46:25.000,2022-04-17 06:33:32,4:26:25.000 PM
23:02:59.000,2022-10-18 15:06:58,6:27:52.000 PM
9:29:26.000,2022-03-19 04:29:19,2:25:33.000 AM
22:19:04.000,2022-09-07 06:42:22,8:18:06.000 PM
23:53:52.000,2022-05-05 17:44:28,12:06:59.000 AM
16:23:43.000,2021-12-29 10:28:40,3:01:44.000 AM
14:22:31.000,2022-04-20 02:14:41,11:18:49.000 PM
19:58:15.000,2021-12-15 15:29:16,11:41:51.000 AM
7:41:17.000,2022-08-03 09:41:28,12:28:24.000 PM
4:20:39.000,2022-08-26 16:05:44,10:27:17.000 PM
5:58:08.000,2022-03-26 09:37:16,6:33:44.000 AM
15:04:47.000,2022-06-03 11:34:52,1:56:41.000 AM
1:37:39.000,2022-07-28 14:59:20,9:36:30.000 AM
4:40:50.000,2022-01-28 13:11:30,8:58:15.000 PM
6:53:56.000,2022-05-17 13:53:08,6:20:17.000 AM
4:01:36.000,2022-03-20 02:11:07,7:36:32.000 PM
0:38:13.000,2022-04-27 09:13:56,3:36:15.000 PM
15:14:53.000,2022-07-05 01:55:49,12:55:00.000 PM
3:56:43.000,2022-08-19 15:13:45,3:21:03.000 PM
7:50:57.000,2022-10-10 18:57:43,1:52:02.000 AM
22:31:10.000,2022-04-15 09:08:41,6:32:41.000 AM
18:39:52.000,2022-09-06 18:30:41,9:06:41.000 PM
5:51:48.000,2022-08-16 12:50:19,9:26:23.000 AM
16:21:27.000,2022-02-07 19:46:02,4:26:48.000 PM
7:09:19.000,2022-08-26 09:21:21,6:25:22.000 PM
11:49:23.000,2022-08-09 12:14:21,5:48:09.000 PM
17:42:06.000,2022-09-20 11:07:13,8:18:37.000 AM
4:16:26.000,2022-11-07 03:22:16,10:43:11.000 PM
17:19:56.000,2022-02-04 07:33:01,12:09:11.000 PM
7:41:32.000,2022-11-01 12:28:02,2:57:22.000 AM
10:28:47.000,2022-08-07 18:38:01,6:34:16.000 AM
22:12:29.000,2022-02-16 22:52:58,11:20:01.000 PM
20:34:22.000,2022-11-10 22:18:48,8:39:18.000 AM
5:33:45.000,2021-12-27 22:33:05,2:17:01.000 PM
12:07:09.000,2021-11-14 10:07:45,5:51:32.000 PM
14:54:11.000,2022-10-27 00:27:28,4:59:25.000 AM
11:23:18.000,2021-11-17 14:58:56,4:34:59.000 PM
6:11:18.000,2022-06-13 21:01:45,3:47:35.000 PM
23:56:42.000,2022-02-04 16:04:59,7:51:51.000 AM
19:35:07.000,2022-02-13 21:56:18,11:50:01.000 AM
13:43:21.000,2022-11-08 02:18:11,4:05:03.000 AM
16:52:01.000,2022-10-14 06:29:18,7:33:31.000 PM
15:59:15.000,2022-02-22 20:16:46,10:41:39.000 PM
10:06:36.000,2022-02-06 02:25:36,1:04:06.000 AM
3:01:35.000,2022-04-15 21:30:52,5:40:55.000 AM
9:25:20.000,2022-06-09 07:50:42,11:23:33.000 AM
23:00:14.000,2022-04-19 22:38:08,11:13:46.000 PM
18:48:20.000,2022-07-21 15:08:52,4:26:04.000 AM
23:50:57.000,2022-07-10 00:16:22,9:40:26.000 AM
15:09:40.000,2022-09-12 19:48:01,10:48:26.000 PM
9:23:02.000,2022-03-06 22:52:07,5:53:30.000 PM
16:50:04.000,2022-11-06 21:52:17,7:30:21.000 PM
4:32:02.000,2021-12-11 15:19:00,4:10:08.000 AM
3:46:55.000,2022-10-17 13:55:03,10:57:10.000 PM
3:03:29.000,2022-08-18 06:41:14,3:05:38.000 PM
9:45:58.000,2022-05-26 14:35:43,8:34:57.000 AM
3:57:05.000,2022-07-26 15:01:04,2:29:36.000 AM
11:22:40.000,2022-06-09 00:25:19,1:45:08.000 PM
9:24:03.000,2022-06-27 15:10:38,6:49:10.000 PM
8:23:15.000,2021-12-05 09:21:07,3:20:15.000 PM
17:13:10.000,2022-07-31 16:52:20,8:05:02.000 PM
11:03:33.000,2022-05-05 05:26:05,9:40:22.000 AM
15:00:02.000,2022-08-22 17:01:38,4:48:50.000 PM
1:40:40.000,2022-03-20 01:19:25,12:09:26.000 PM
7:08:52.000,2022-01-10 09:45:29,10:42:39.000 PM
22:33:14.000,2022-02-08 17:55:17,8:02:47.000 PM
13:43:33.000,2021-12-22 07:55:13,12:36:25.000 AM
7:33:50.000,2021-12-20 19:42:41,3:27:20.000 AM
15:05:34.000,2022-07-21 06:04:57,8:17:37.000 AM
22:05:00.000,2022-03-25 09:40:25,9:40:50.000 PM
0:19:26.000,2022-06-18 07:30:27,2:32:09.000 PM
16:34:05.000,2022-06-27 13:26:06,2:52:34.000 AM
21:08:14.000,2021-12-28 01:22:52,4:40:07.000 AM
5:29:44.000,2022-01-08 00:18:26,6:56:32.000 PM
9:46:59.000,2022-02-17 01:55:15,10:50:05.000 PM
3:33:16.000,2022-08-09 08:51:52,7:30:58.000 AM
22:26:08.000,2021-11-13 15:59:29,4:11:12.000 PM
5:45:30.000,2022-10-26 23:34:12,11:20:56.000 AM
8:57:09.000,2022-02-17 21:17:39,12:01:23.000 PM
14:24:35.000,2022-03-15 03:56:39,5:52:20.000 AM
12:50:51.000,2022-01-10 04:34:21,3:25:38.000 AM
19:11:59.000,2022-10-26 08:29:31,2:34:48.000 PM
14:24:35.000,2022-04-18 05:55:08,11:39:47.000 PM
11:24:12.000,2022-10-25 21:12:22,11:33:08.000 AM
12:04:54.000,2022-05-22 06:45:25,6:35:42.000 PM
17:35:49.000,2022-10-23 00:18:38,5:46:20.000 AM
21:31:41.000,2022-08-28 20:00:45,4:42:05.000 PM
18:22:36.000,2021-12-29 16:46:30,2:13:51.000 AM
13:07:20.000,2022-01-28 23:17:34,8:10:49.000 PM
14:46:24.000,2022-08-21 13:50:00,3:04:29.000 AM
17:57:40.000,2022-09-04 04:31:30,6:38:17.000 PM
3:43:20.000,2022-03-04 08:36:43,12:33:35.000 AM
18:27:33.000,2022-09-14 00:12:49,10:12:22.000 PM
5:42:21.000,2022-06-11 07:55:58,8:38:03.000 AM
19:27:04.000,2022-10-13 15:14:48,8:55:50.000 PM
9:50:12.000,2021-12-28 05:52:12,6:56:37.000 AM
10:01:27.000,2022-01-07 12:08:31,1:19:19.000 PM
2:30:57.000,2022-02-09 16:36:02,1:49:30.000 PM
21:21:22.000,2021-12-15 10:22:59,8:42:27.000 PM
2:28:30.000,2021-11-12 02:52:37,4:22:54.000 AM
15:31:13.000,2022-08-02 02:08:49,5:59:55.000 AM
22:18:35.000,2022-04-17 23:41:16,9:54:33.000 AM
6:34:43.000,2022-06-27 22:44:39,4:51:31.000 AM
4:26:23.000,2022-02-14 02:25:47,1:17:15.000 PM
17:13:25.000,2022-10-31 02:31:37,12:57:39.000 PM
8:08:46.000,2022-07-13 13:51:46,3:35:30.000 AM
1:32:48.000,2022-04-02 03:52:16,9:01:04.000 PM
13:35:39.000,2022-05-23 18:44:18,7:33:46.000 AM
19:08:20.000,2022-11-06 07:24:27,2:38:30.000 PM
12:37:17.000,2022-03-19 08:25:35,10:53:07.000 AM
19:51:53.000,2022-09-07 09:53:43,6:06:46.000 PM
17:32:12.000,2022-07-31 08:16:29,4:41:36.000 PM
22:59:58.000,2022-09-23 18:01:42,2:22:55.000 AM
12:02:41.000,2021-11-30 23:10:44,8:37:08.000 AM
14:30:19.000,2022-02-24 08:05:31,9:04:26.000 AM
0:16:49.000,2022-09-30 00:19:22,7:39:13.000 PM
5:35:46.000,2022-02-04 13:41:34,10:58:37.000 AM
17:44:20.000,2022-05-24 11:15:12,3:35:51.000 PM
14:42:57.000,2021-12-26 08:28:26,1:15:07.000 AM
5:52:33.000,2022-08-13 06:44:11,6:32:04.000 PM
17:16:55.000,2022-03-18 07:11:51,4:28:12.000 AM
9:26:41.000,2022-07-18 13:40:49,4:02:53.000 PM
1:37:56.000,2021-12-29 03:34:43,4:38:34.000 AM
21:48:43.000,2022-07-18 20:30:31,6:20:49.000 AM
2:11:15.000,2022-09-20 12:37:13,4:42:43.000 PM
0:23:56.000,2022-05-20 16:25:04,4:40:08.000 PM
4:21:25.000,2022-08-18 10:12:17,2:46:33.000 PM
15:12:21.000,2021-12-01 01:30:39,7:18:40.000 AM
3:52:15.000,2022-07-13 14:30:15,8:46:24.000 PM
3:25:23.000,2022-07-27 01:13:47,1:52:18.000 PM
4:21:36.000,2022-08-25 02:44:33,1:34:12.000 PM
15:23:59.000,2022-04-23 18:30:46,8:34:33.000 PM
8:48:04.000,2022-05-17 15:17:46,5:57:07.000 PM
9:55:45.000,2022-04-15 08:24:42,12:43:31.000 PM
20:33:44.000,2022-04-19 11:53:09,9:59:39.000 AM
20:31:54.000,2022-09-23 14:21:43,7:53:23.000 AM
15:36:49.000,2022-08-25 08:48:05,6:05:01.000 PM
19:30:10.000,2022-10-25 07:22:58,9:57:00.000 PM
16:45:59.000,2022-09-20 01:31:33,6:42:05.000 AM
8:22:35.000,2022-08-22 14:07:35,3:34:08.000 PM
5:34:20.000,2022-07-28 13:24:04,11:20:35.000 AM
20:23:05.000,2021-11-27 22:07:29,2:01:49.000 PM
8:36:25.000,2022-05-29 16:03:31,6:07:13.000 AM
1:44:38.000,2022-07-01 02:44:31,3:23:32.000 PM
2:13:05.000,2022-03-11 10:51:03,5:07:01.000 AM
5:19:38.000,2022-01-27 05:22:10,5:17:06.000 AM
4:02:06.000,2022-01-31 19:51:04,2:33:10.000 PM
3:18:51.000,2022-09-09 04:46:40,6:02:25.000 PM
23:34:41.000,2022-04-08 07:42:03,2:50:32.000 AM
22:40:30.000,2021-12-12 05:19:44,1:29:34.000 PM
2:40:10.000,2022-03-12 04:34:49,3:21:54.000 AM
5:26:24.000,2022-11-03 21:24:44,10:39:47.000 AM
3:11:58.000,2021-12-05 21:58:32,5:26:39.000 AM
12:04:28.000,2021-11-27 02:57:04,1:46:54.000 PM
23:27:41.000,2022-02-09 11:59:11,8:28:57.000 PM
0:03:28.000,2022-04-22 10:09:31,8:38:00.000 PM
14:10:31.000,2022-01-29 13:37:13,12:29:54.000 PM
11:29:16.000,2022-05-21 01:51:47,11:50:22.000 AM
5:55:03.000,2021-12-31 23:48:00,3:47:10.000 AM
22:01:00.000,2022-01-03 05:53:43,11:34:12.000 PM
12:54:59.000,2022-04-23 06:10:43,7:24:38.000 AM
3:45:08.000,2021-12-01 13:24:11,7:29:01.000 AM
23:13:45.000,2022-10-07 22:53:01,10:32:06.000 PM
23:25:54.000,2022-02-12 08:25:59,2:20:58.000 PM
23:27:03.000,2022-01-24 21:56:17,12:13:36.000 AM
0:30:19.000,2022-10-28 11:16:10,1:28:09.000 AM
6:29:50.000,2022-01-25 05:10:11,10:59:18.000 AM
3:27:52.000,2022-07-27 15:50:12,12:16:16.000 PM
18:29:46.000,2022-03-27 12:17:14,1:30:45.000 AM
8:29:25.000,2021-11-18 18:40:59,3:46:13.000 AM
20:22:07.000,2022-03-09 17:54:55,11:47:32.000 PM
6:15:22.000,2021-12-08 18:51:38,10:18:00.000 PM
6:17:07.000,2022-05-23 06:58:11,12:27:11.000 AM
20:25:29.000,2022-01-19 22:24:56,3:59:00.000 PM
11:08:51.000,2022-09-01 06:25:36,11:49:45.000 PM
1:29:41.000,2021-12-19 18:07:14,6:22:50.000 PM
13:56:36.000,2022-02-28 00:14:49,6:18:25.000 PM
10:19:22.000,2022-04-04 12:43:10,7:17:36.000 AM
3:09:56.000,2022-06-09 05:08:11,5:42:56.000 AM
22:32:07.000,2022-11-04 06:26:03,4:45:33.000 PM
9:22:43.000,2022-11-06 20:28:34,8:56:22.000 AM
16:16:15.000,2022-03-22 03:06:40,9:03:36.000 PM
19:54:43.000,2022-09-08 10:50:29,5:06:00.000 PM
10:43:57.000,2022-05-31 21:01:11,8:46:54.000 PM
10:05:52.000,2022-07-14 16:28:13,5:47:29.000 PM
21:15:31.000,2022-10-14 23:24:58,8:17:05.000 PM
9:36:08.000,2022-10-15 06:20:20,11:36:01.000 PM
12:21:04.000,2022-06-28 06:13:00,5:18:55.000 PM
14:33:53.000,2022-01-23 11:31:35,12:24:59.000 PM
11:50:48.000,2022-01-26 12:04:19,8:30:27.000 PM
20:49:02.000,2022-02-13 05:40:13,11:24:05.000 AM
8:48:16.000,2022-08-12 16:44:27,2:43:22.000 PM
2:24:08.000,2022-01-24 13:33:35,8:36:47.000 PM
23:45:29.000,2022-07-30 22:00:35,6:11:00.000 PM
20:35:00.000,2022-11-06 11:37:11,9:05:43.000 AM
14:07:29.000,2022-06-14 12:52:24,7:33:06.000 AM
19:11:27.000,2022-04-15 14:54:49,12:52:09.000 PM
13:08:03.000,2022-10-06 18:09:10,7:47:28.000 AM
11:04:19.000,2022-04-23 07:21:32,4:58:02.000 AM
2:07:04.000,2022-02-24 12:29:22,9:22:06.000 AM
19:39:41.000,2021-12-09 15:07:47,4:05:18.000 AM
13:31:19.000,2022-09-01 05:12:45,11:10:57.000 PM
13:17:23.000,2022-06-24 13:01:45,4:12:33.000 AM
22:42:47.000,2022-06-22 20:00:33,3:38:13.000 PM
23:24:12.000,2022-02-23 20:13:38,4:29:12.000 AM
9:02:19.000,2022-02-27 05:27:44,5:36:19.000 AM
20:53:54.000,2022-10-16 09:56:03,12:48:45.000 AM
13:57:59.000,2022-02-22 09:57:41,9:45:20.000 PM
8:58:26.000,2022-11-02 16:42:36,3:55:33.000 PM
8:36:13.000,2022-08-22 15:59:02,3:56:09.000 AM
20:49:00.000,2021-11-27 17:46:58,5:52:30.000 PM
5:44:26.000,2022-09-21 15:26:43,11:38:19.000 AM
16:32:24.000,2022-05-12 01:53:22,9:14:48.000 AM
19:55:01.000,2022-05-12 19:43:56,5:53:11.000 AM
22:59:57.000,2022-10-25 03:02:08,8:22:48.000 AM
19:06:19.000,2022-09-18 03:32:10,11:27:55.000 AM
2:00:19.000,2022-09-07 01:09:31,1:47:36.000 PM
6:27:35.000,2022-08-17 17:01:59,1:35:37.000 PM
8:09:11.000,2022-05-16 07:06:31,12:30:19.000 AM
21:31:41.000,2022-09-05 11:37:38,11:36:55.000 AM
6:53:09.000,2022-09-15 11:15:37,1:42:02.000 AM
0:57:52.000,2022-09-10 03:13:56,4:14:59.000 AM
17:32:10.000,2022-10-30 05:53:14,2:51:47.000 AM
12:12:09.000,2022-02-03 00:34:23,1:15:50.000 AM
22:39:44.000,2022-09-10 18:01:06,1:55:33.000 PM
8:36:20.000,2022-03-23 00:00:18,6:34:57.000 PM
4:00:40.000,2021-12-19 02:11:39,1:13:36.000 PM
7:53:21.000,2021-12-03 23:55:59,9:31:43.000 PM
19:27:42.000,2022-06-02 07:24:07,11:06:21.000 PM
17:25:04.000,2022-10-29 02:26:27,12:29:45.000 PM
22:12:31.000,2022-03-01 09:11:24,8:21:38.000 AM
21:37:03.000,2022-07-16 19:28:24,12:43:34.000 AM
17:50:56.000,2021-12-20 03:17:13,2:11:15.000 AM
21:56:09.000,2021-11-26 17:09:17,1:56:06.000 AM
22:39:51.000,2022-04-03 02:09:46,7:47:05.000 PM
0:39:23.000,2022-06-04 18:24:07,5:40:22.000 AM
6:40:45.000,2022-08-18 06:49:01,2:42:43.000 PM
23:46:16.000,2022-07-01 04:53:55,1:44:24.000 AM
11:00:26.000,2022-07-13 20:30:01,5:19:42.000 PM
14:13:20.000,2022-03-27 03:40:59,2:12:35.000 PM
3:02:56.000,2022-05-24 14:56:24,6:04:43.000 AM
2:28:20.000,2022-04-14 01:01:22,8:04:03.000 AM
15:07:33.000,2021-12-14 04:03:14,12:28:53.000 AM
15:16:15.000,2022-05-25 02:19:20,3:17:56.000 PM
21:45:32.000,2022-09-22 17:41:41,11:11:30.000 AM
20:59:33.000,2022-06-17 14:01:27,6:57:26.000 AM
6:54:28.000,2022-04-04 20:15:17,10:46:34.000 AM
4:24:54.000,2022-07-26 15:34:31,2:36:43.000 PM
5:05:14.000,2022-01-17 04:02:05,11:19:56.000 PM
19:29:47.000,2022-10-31 01:24:58,8:23:18.000 AM
8:42:20.000,2022-01-13 09:37:02,4:04:42.000 PM
18:41:20.000,2022-01-25 03:39:37,8:55:55.000 AM
22:54:59.000,2022-03-29 12:58:32,8:20:03.000 AM
14:24:20.000,2022-04-02 18:31:01,3:35:59.000 PM
15:04:01.000,2022-08-27 06:32:50,1:53:35.000 PM
15:27:25.000,2022-06-24 14:22:34,2:22:42.000 PM
19:40:00.000,2022-02-14 01:32:57,8:34:30.000 AM
23:02:19.000,2022-01-09 00:30:13,8:07:02.000 PM
17:51:38.000,2022-06-28 23:30:34,9:53:17.000 AM
7:03:59.000,2022-04-26 22:01:52,6:23:51.000 AM
17:59:43.000,2022-01-03 13:34:06,8:37:34.000 AM
3:12:38.000,2022-09-11 13:10:25,1:15:26.000 PM
16:36:57.000,2022-01-02 11:33:32,3:59:31.000 AM
21:45:32.000,2022-08-29 05:17:00,6:07:45.000 AM
6:06:13.000,2022-02-13 15:55:03,10:55:03.000 AM
19:06:08.000,2022-07-05 18:25:57,11:38:13.000 AM
6:15:51.000,2022-05-01 23:53:45,2:51:22.000 PM
2:08:48.000,2022-08-04 12:59:46,3:14:25.000 PM
20:13:18.000,2022-04-15 07:19:54,7:59:59.000 PM
7:55:12.000,2022-03-05 17:02:36,9:10:57.000 PM
22:38:43.000,2021-12-17 16:46:37,3:48:20.000 PM
7:03:59.000,2022-06-14 08:11:05,12:25:50.000 PM
5:15:11.000,2022-04-29 20:59:53,1:37:08.000 PM
19:25:22.000,2021-11-30 16:17:16,10:58:47.000 AM
12:27:37.000,2022-10-03 17:40:58,5:45:56.000 PM
23:35:13.000,2022-04-18 13:38:15,3:59:14.000 AM
11:03:30.000,2021-12-09 14:30:09,8:35:26.000 PM
15:27:23.000,2022-06-20 16:08:09,9:51:20.000 AM
6:07:00.000,2022-04-24 09:46:37,12:15:32.000 AM
2:05:38.000,2021-12-28 08:55:59,4:34:32.000 AM
3:44:55.000,2022-05-15 00:49:41,1:56:19.000 PM
0:37:16.000,2022-06-13 06:40:38,2:08:25.000 AM
8:48:05.000,2021-12-07 17:10:13,2:08:38.000 AM
0:59:43.000,2022-05-22 18:44:48,9:15:49.000 AM
10:01:59.000,2022-10-18 01:23:20,2:14:37.000 AM
1:53:32.000,2022-02-18 23:09:08,12:40:43.000 AM
16:46:34.000,2022-02-05 02:47:43,7:35:16.000 PM
11:54:03.000,2022-06-15 05:17:12,5:13:33.000 AM
14:12:01.000,2022-11-08 17:09:56,3:08:00.000 AM
12:40:37.000,2022-02-06 13:20:02,11:34:09.000 AM
2:01:23.000,2022-03-15 19:13:11,8:21:46.000 PM
9:57:44.000,2022-03-05 18:01:15,1:18:22.000 AM
13:59:24.000,2022-09-28 07:48:47,9:23:25.000 PM
9:56:56.000,2022-04-18 14:50:45,2:17:13.000 AM
18:03:57.000,2022-02-20 22:04:02,6:51:16.000 PM
4:13:24.000,2022-04-25 18:16:13,1:32:43.000 AM
21:59:20.000,2022-07-21 19:30:51,3:59:44.000 AM
16:17:01.000,2021-12-13 02:04:48,9:54:14.000 AM
2:35:42.000,2021-12-07 16:23:43,5:16:15.000 AM
10:32:27.000,2022-06-12 06:00:47,12:27:06.000 AM
3:26:17.000,2022-07-31 14:19:05,11:31:16.000 PM
10:54:47.000,2022-10-13 17:51:29,4:54:31.000 AM
0:59:15.000,2022-07-09 12:07:21,6:39:46.000 AM
19:23:28.000,2022-05-05 20:24:51,8:32:39.000 AM
0:03:15.000,2022-04-20 21:43:50,7:28:18.000 PM
20:27:25.000,2022-11-04 02:17:38,6:13:47.000 AM
11:11:07.000,2022-11-03 10:00:59,4:29:47.000 PM
21:37:51.000,2022-04-28 05:59:54,9:05:56.000 PM
21:21:31.000,2022-08-04 11:48:05,3:32:04.000 AM
16:52:27.000,2022-03-28 10:52:37,3:57:42.000 AM
18:03:45.000,2022-01-10 06:06:52,1:52:27.000 AM
6:47:06.000,2022-08-23 03:58:22,5:49:37.000 AM
23:07:56.000,2022-09-26 02:49:10,9:38:24.000 PM
13:00:58.000,2022-09-16 20:01:02,10:57:32.000 PM
17:35:26.000,2022-06-24 16:48:02,10:20:52.000 AM
16:50:50.000,2022-10-09 22:14:20,11:01:34.000 PM
18:32:31.000,2022-05-12 07:41:19,5:01:01.000 AM
3:06:52.000,2022-07-02 07:16:49,8:19:07.000 PM
11:32:42.000,2022-04-13 06:19:57,2:40:54.000 PM
21:53:12.000,2022-07-24 07:11:50,7:47:51.000 PM
23:21:51.000,2022-10-19 02:20:35,4:22:00.000 AM
19:39:54.000,2022-02-05 20:24:53,2:51:27.000 PM
23:48:45.000,2021-12-23 03:38:00,10:18:05.000 AM
12:00:56.000,2022-07-06 22:40:27,6:15:28.000 PM
19:44:17.000,2022-09-08 11:20:52,12:04:31.000 AM
19:54:25.000,2022-06-23 19:14:19,10:06:17.000 AM
20:55:45.000,2022-06-26 18:33:03,4:28:28.000 AM
5:15:45.000,2022-04-01 00:47:51,1:01:32.000 PM
14:34:02.000,2022-05-07 19:02:14,1:13:51.000 PM
6:06:20.000,2022-01-09 08:25:28,8:52:12.000 PM
18:17:20.000,2022-07-21 10:28:51,4:41:53.000 PM
9:36:11.000,2021-12-14 21:11:25,5:42:50.000 PM
11:46:04.000,2022-10-22 05:11:15,5:05:28.000 AM
20:56:04.000,2022-05-12 05:44:03,10:34:27.000 PM
6:08:12.000,2022-06-28 13:46:48,10:20:30.000 PM
22:25:41.000,2022-03-06 01:12:59,9:42:45.000 PM
8:13:00.000,2022-07-10 12:31:04,9:56:33.000 PM
5:15:23.000,2022-04-11 08:42:15,5:26:12.000 AM
6:52:21.000,2022-02-09 19:13:29,7:33:48.000 AM
4:50:44.000,2022-05-26 07:50:20,6:05:05.000 PM
11:25:44.000,2022-01-04 21:36:40,8:51:34.000 PM
15:00:28.000,2022-08-20 22:21:26,1:02:16.000 AM
8:54:40.000,2022-05-08 13:26:36,11:47:20.000 AM
20:32:11.000,2022-02-24 08:21:05,4:54:43.000 AM
16:46:44.000,2022-10-25 23:52:50,3:51:06.000 PM
15:35:08.000,2022-06-30 00:47:22,12:24:27.000 PM
14:51:46.000,2022-11-10 12:52:37,9:31:41.000 AM
10:03:21.000,2022-01-24 02:05:01,3:56:10.000 PM
17:12:06.000,2022-06-28 01:28:58,7:54:10.000 PM
7:32:57.000,2022-09-13 02:12:36,1:40:36.000 PM
21:21:36.000,2022-10-06 23:55:46,11:28:06.000 PM
0:31:08.000,2022-03-30 11:54:59,9:28:40.000 AM
14:01:00.000,2022-06-26 06:04:00,9:21:02.000 AM
16:32:46.000,2022-03-22 09:33:27,3:27:01.000 PM
9:50:27.000,2022-10-13 12:23:37,7:27:38.000 AM
12:25:15.000,2022-01-22 10:03:56,7:57:46.000 PM
21:24:24.000,2022-09-22 04:30:00,2:53:50.000 PM
13:02:43.000,2022-09-05 09:49:31,3:50:14.000 AM
12:49:52.000,2022-06-16 02:00:32,11:18:39.000 PM
22:42:35.000,2022-06-27 14:23:51,11:59:00.000 AM
13:14:05.000,2022-04-27 10:00:20,6:25:41.000 AM
4:49:26.000,2022-03-08 17:25:07,4:12:49.000 AM
21:54:13.000,2022-03-19 13:53:14,10:50:37.000 PM
2:35:06.000,2022-03-31 11:07:06,4:41:21.000 PM
0:01:11.000,2022-03-22 06:24:56,5:16:35.000 AM
21:29:44.000,2021-12-19 20:55:15,6:46:08.000 PM
3:55:22.000,2022-01-19 20:18:01,9:18:33.000 AM
21:16:44.000,2021-11-14 20:13:27,6:25:34.000 PM
20:58:15.000,2022-08-27 15:52:04,6:59:39.000 AM
23:57:15.000,2022-05-23 17:12:09,5:10:52.000 PM
10:56:42.000,2022-10-31 22:39:08,4:24:11.000 PM
2:28:17.000,2021-12-04 10:12:34,12:57:42.000 PM
9:27:32.000,2022-03-31 06:53:26,3:42:51.000 PM
13:48:38.000,2022-07-10 01:02:57,1:49:37.000 AM
15:07:04.000,2022-01-29 03:21:18,4:47:36.000 AM
20:52:45.000,2022-01-07 12:01:43,5:02:23.000 PM
5:46:35.000,2022-05-10 11:25:44,3:12:30.000 AM
14:53:38.000,2022-10-29 04:16:56,11:03:10.000 AM
20:01:29.000,2022-08-16 20:31:14,4:02:17.000 PM
14:24:55.000,2022-04-19 22:45:01,10:51:42.000 AM
10:46:40.000,2022-01-28 08:39:35,1:20:45.000 AM
15:12:02.000,2022-10-08 07:45:45,4:54:41.000 PM
2:45:02.000,2021-11-24 08:44:07,6:26:51.000 AM
23:55:59.000,2022-01-31 10:18:53,4:01:39.000 PM
18:47:45.000,2022-11-11 06:50:04,7:10:36.000 PM
3:36:24.000,2022-09-30 22:20:07,7:31:13.000 AM
23:09:38.000,2022-04-04 21:50:09,2:12:34.000 AM
5:24:49.000,2022-04-13 13:04:43,2:15:00.000 PM
13:49:02.000,2022-04-24 13:26:25,1:21:15.000 PM
16:15:39.000,2022-04-25 20:38:09,11:15:06.000 PM
13:31:26.000,2022-10-19 15:10:05,10:16:12.000 PM
21:49:03.000,2021-12-24 18:08:45,8:13:24.000 PM
18:45:15.000,2022-06-19 15:48:45,9:14:38.000 AM
20:56:55.000,2022-01-10 14:42:06,9:43:43.000 PM
1:03:45.000,2022-08-09 16:56:57,3:55:25.000 AM
12:52:55.000,2022-10-08 19:07:58,10:18:01.000 PM
16:37:55.000,2022-05-05 21:42:58,6:31:03.000 AM
23:50:48.000,2022-01-25 14:40:00,8:17:39.000 PM
14:18:50.000,2022-04-14 17:23:29,8:13:28.000 PM
0:48:10.000,2021-11-25 06:27:31,7:37:15.000 PM
23:50:59.000,2021-11-16 13:20:08,2:26:04.000 AM
2:40:45.000,2022-06-03 15:29:38,12:12:08.000 PM
8:36:54.000,2022-01-28 01:51:59,5:46:20.000 PM
16:40:26.000,2022-11-06 20:48:17,3:49:25.000 AM
18:31:05.000,2022-09-27 22:05:16,2:02:12.000 PM
22:44:33.000,2022-01-30 16:03:30,2:54:39.000 PM
12:30:35.000,2022-09-08 16:11:30,11:37:57.000 PM
10:40:54.000,2021-11-29 22:53:07,6:25:44.000 PM
4:01:43.000,2022-11-11 07:34:08,5:39:13.000 AM
0:26:29.000,2022-03-03 21:42:47,8:49:04.000 PM
12:08:06.000,2022-04-23 18:31:55,4:47:17.000 PM
4:18:10.000,2022-05-12 05:16:31,8:37:15.000 AM
19:20:06.000,2021-11-24 10:08:36,2:03:39.000 PM
3:22:27.000,2022-04-05 03:01:43,6:17:19.000 PM
11:10:23.000,2022-05-09 22:29:48,11:36:12.000 AM
9:18:31.000,2022-08-08 23:27:04,3:06:55.000 PM
4:22:45.000,2022-05-19 13:40:01,2:54:20.000 PM
11:00:02.000,2022-08-15 07:46:02,12:35:00.000 AM
10:36:25.000,2022-01-18 21:40:55,5:39:35.000 AM
5:12:40.000,2022-10-28 22:58:08,2:21:32.000 AM
12:33:32.000,2021-11-28 16:51:08,2:59:35.000 AM
4:54:57.000,2022-05-24 12:13:24,1:35:30.000 AM
20:30:21.000,2022-03-13 23:57:37,10:54:55.000 AM
6:24:19.000,2022-02-14 13:55:25,5:47:26.000 PM
2:54:18.000,2021-12-02 22:31:31,2:12:53.000 AM
22:41:30.000,2022-08-26 15:33:10,10:27:28.000 PM
15:44:38.000,2022-10-15 05:32:26,3:40:39.000 AM
8:02:09.000,2022-02-13 09:22:24,3:38:01.000 AM
6:20:04.000,2022-09-11 20:56:11,7:15:12.000 AM
20:35:42.000,2022-05-25 21:11:01,11:35:47.000 AM
21:26:15.000,2022-03-09 20:06:44,11:12:47.000 PM
18:10:08.000,2021-12-22 15:21:01,6:39:55.000 PM
23:23:53.000,2022-02-28 11:54:37,4:46:52.000 AM
9:59:20.000,2021-12-10 18:12:20,8:34:18.000 AM
0:57:25.000,2022-06-09 08:48:48,8:31:17.000 PM
13:34:39.000,2022-04-23 13:55:51,3:06:07.000 AM
2:54:42.000,2021-12-05 21:00:08,8:16:18.000 AM
4:27:14.000,2022-08-26 07:14:51,8:51:08.000 PM
22:51:16.000,2022-08-24 03:25:42,8:45:51.000 AM
12:44:32.000,2022-02-10 12:52:31,7:25:37.000 AM
18:44:32.000,2022-10-07 12:42:01,1:34:31.000 AM
22:21:28.000,2021-12-08 07:17:39,7:21:47.000 AM
10:31:37.000,2022-08-05 10:35:20,6:25:34.000 AM
12:01:30.000,2022-01-21 22:00:38,8:49:17.000 AM
22:31:08.000,2022-08-10 22:21:02,11:10:37.000 AM
10:09:32.000,2022-04-28 05:41:43,5:55:35.000 AM
19:59:54.000,2022-09-09 02:40:20,4:54:48.000 PM
3:09:29.000,2022-03-17 12:32:38,12:09:11.000 AM
22:08:29.000,2022-08-18 04:21:19,5:01:29.000 PM
1:26:20.000,2022-02-02 11:01:18,11:01:30.000 AM
13:46:10.000,2022-07-14 23:40:51,4:45:53.000 AM
11:02:46.000,2022-03-26 13:30:59,11:46:21.000 PM
19:10:46.000,2022-08-16 09:40:41,7:03:52.000 AM
7:17:48.000,2022-08-18 12:05:34,6:18:26.000 PM
19:09:27.000,2022-10-25 17:09:50,9:29:17.000 PM
2:10:33.000,2022-01-10 19:24:07,2:48:22.000 AM
23:04:33.000,2022-07-26 21:47:22,12:30:35.000 PM
14:33:41.000,2022-01-11 14:50:27,1:05:23.000 AM
2:21:52.000,2022-04-15 16:00:05,8:49:03.000 PM
13:38:46.000,2022-09-21 13:04:28,6:42:56.000 AM
8:00:04.000,2021-12-31 03:36:15,5:04:17.000 AM
8:07:00.000,2022-02-06 19:04:13,7:44:52.000 AM
10:08:25.000,2022-03-14 22:01:13,12:46:33.000 PM
4:35:36.000,2022-08-27 15:17:47,6:01:58.000 AM
23:41:58.000,2022-06-02 08:54:46,10:48:39.000 PM
7:31:24.000,2022-05-11 06:40:11,1:41:33.000 PM
8:15:19.000,2021-12-06 10:55:39,7:16:49.000 AM
15:02:30.000,2022-08-02 23:52:25,8:30:19.000 PM
8:38:52.000,2022-01-14 10:56:26,5:30:18.000 AM
23:25:51.000,2022-03-28 07:27:47,12:54:35.000 AM
21:20:40.000,2022-05-13 13:04:13,6:37:26.000 PM
4:38:45.000,2022-01-25 05:35:58,3:42:47.000 PM
22:20:39.000,2022-03-19 21:35:27,3:41:43.000 PM
20:59:03.000,2022-03-02 10:28:51,5:22:02.000 PM
5:54:18.000,2021-11-30 13:41:40,9:15:47.000 AM
15:36:10.000,2022-04-07 17:54:52,9:04:45.000 PM
15:47:22.000,2022-07-12 00:35:29,11:26:17.000 PM
3:03:12.000,2022-02-07 10:25:24,3:39:18.000 PM
7:18:33.000,2022-06-18 22:37:23,5:47:03.000 PM
3:19:56.000,2022-08-17 13:03:44,10:38:09.000 AM
6:58:42.000,2022-10-25 12:48:05,12:47:51.000 PM
0:02:28.000,2022-02-27 12:04:40,1:57:19.000 AM
21:06:12.000,2022-04-30 03:40:20,6:42:16.000 AM
9:08:08.000,2021-12-12 02:03:40,9:52:32.000 PM
9:40:25.000,2022-09-26 01:05:01,10:45:07.000 PM
16:03:04.000,2022-02-16 04:39:13,7:30:08.000 AM
8:13:40.000,2022-08-31 13:48:50,5:07:10.000 PM
22:50:02.000,2022-06-11 17:35:31,9:33:12.000 PM
0:05:44.000,2022-05-17 03:47:49,5:13:17.000 AM
1:52:28.000,2022-08-29 01:09:13,12:38:55.000 PM
12:07:21.000,2022-06-24 23:53:23,6:32:05.000 AM
8:29:19.000,2021-12-02 13:03:04,3:06:52.000 AM
7:00:48.000,2022-01-20 02:24:13,6:03:14.000 AM
20:36:05.000,2022-10-11 15:18:00,9:06:03.000 AM
16:59:38.000,2022-06-30 10:33:05,1:07:50.000 PM
19:28:02.000,2022-08-21 10:51:17,8:12:43.000 PM
13:26:07.000,2021-12-07 20:45:24,10:55:38.000 AM
19:21:35.000,2021-11-19 02:28:20,12:26:08.000 AM
7:02:09.000,2022-07-14 22:16:31,1:56:47.000 PM
23:01:44.000,2022-06-13 07:37:48,9:51:37.000 PM
13:11:33.000,2022-09-04 20:38:14,3:39:23.000 AM
11:22:14.000,2021-11-24 01:59:25,6:39:07.000 PM
8:57:40.000,2021-12-23 04:38:45,9:12:39.000 PM
22:28:56.000,2022-07-28 11:43:51,9:56:20.000 AM
8:55:52.000,2022-04-10 01:22:00,8:52:36.000 AM
22:03:11.000,2022-06-25 21:41:54,5:38:18.000 AM
21:38:58.000,2021-11-23 06:53:29,3:02:21.000 PM
9:10:06.000,2022-04-03 03:34:49,4:19:48.000 PM
16:49:02.000,2022-08-21 10:13:58,11:16:17.000 AM
5:54:18.000,2022-02-02 01:51:46,11:14:18.000 PM
23:43:57.000,2022-01-10 03:19:08,1:47:56.000 AM
16:05:50.000,2022-01-20 22:07:59,2:37:23.000 AM
1:57:46.000,2021-11-29 09:44:05,5:45:05.000 PM
3:47:51.000,2022-08-26 11:52:46,4:32:04.000 PM
12:29:08.000,2022-07-17 17:38:14,2:32:14.000 AM
19:37:24.000,2022-02-12 14:24:38,8:13:40.000 PM
3:59:56.000,2022-03-05 21:54:30,5:55:18.000 PM
1:16:42.000,2022-10-27 07:04:07,6:19:51.000 AM
1:37:13.000,2022-08-21 16:58:38,11:53:22.000 AM
23:52:33.000,2022-02-07 13:58:51,1:14:09.000 AM
1:14:45.000,2022-04-06 16:25:01,7:56:38.000 AM
14:52:47.000,2022-07-30 06:27:25,10:09:17.000 AM
0:37:03.000,2022-10-05 09:35:18,4:20:31.000 AM
13:39:06.000,2022-08-21 10:32:01,10:00:36.000 AM
13:07:55.000,2022-08-29 09:17:25,6:48:35.000 PM
4:00:23.000,2022-05-15 02:49:45,12:17:46.000 AM
0:07:48.000,2022-02-12 21:21:04,5:19:14.000 AM
18:45:06.000,2022-05-16 22:28:06,6:29:36.000 PM
10:58:30.000,2022-09-16 11:12:44,1:39:28.000 PM
1:12:44.000,2022-01-01 05:34:05,12:17:09.000 PM
11:50:35.000,2022-07-11 10:09:42,11:37:59.000 PM
1:04:08.000,2022-02-18 21:12:18,2:27:26.000 AM
14:25:53.000,2022-10-23 10:18:29,4:54:00.000 AM
11:56:47.000,2022-02-16 16:08:55,9:37:37.000 AM
16:50:04.000,2022-04-29 17:15:24,1:51:07.000 AM
22:51:45.000,2022-02-24 04:10:35,5:47:39.000 AM
4:06:29.000,2022-10-15 21:37:33,2:17:55.000 AM
5:12:32.000,2022-01-24 16:53:36,7:47:32.000 AM
18:19:59.000,2022-07-19 14:02:04,1:52:54.000 AM
2:30:35.000,2022-03-29 17:40:17,12:47:17.000 AM
9:49:45.000,2022-04-04 01:22:16,9:56:30.000 PM
14:38:35.000,2022-03-11 03:01:56,4:28:51.000 AM
17:17:50.000,2022-04-27 17:50:25,12:15:02.000 PM
6:47:35.000,2022-10-31 10:26:09,3:16:57.000 PM
10:46:13.000,2022-07-20 11:14:22,9:09:28.000 AM
21:40:46.000,2022-10-11 18:02:47,8:20:38.000 AM
6:48:16.000,2022-11-07 19:20:26,6:05:29.000 AM
11:29:18.000,2022-08-26 20:09:26,7:31:48.000 PM
7:15:21.000,2022-07-12 03:07:12,1:51:15.000 PM
18:51:56.000,2022-03-11 14:02:14,4:32:34.000 AM
20:54:01.000,2022-04-18 10:11:34,11:16:09.000 PM
5:57:53.000,2022-06-10 08:40:39,2:31:58.000 AM
18:40:58.000,2022-05-06 06:21:34,6:10:14.000 PM
16:35:27.000,2022-03-01 15:28:14,1:22:55.000 PM
1:09:15.000,2022-02-09 05:56:08,3:14:53.000 PM
5:17:09.000,2021-11-16 03:24:35,10:56:26.000 AM
1:08:49.000,2021-12-09 19:28:10,7:07:09.000 AM
8:32:30.000,2021-12-25 05:35:24,4:20:56.000 PM
15:15:55.000,2022-05-30 11:54:46,7:06:32.000 AM
11:43:13.000,2022-01-10 03:15:21,10:53:44.000 AM
6:05:17.000,2022-09-10 19:38:44,2:05:59.000 AM
8:16:33.000,2022-07-11 01:20:32,4:44:25.000 PM
8:58:54.000,2022-03-16 11:20:28,6:20:31.000 PM
10:33:23.000,2022-01-12 21:45:06,3:59:17.000 PM
1:01:36.000,2022-08-20 20:27:29,10:44:08.000 AM
8:43:40.000,2022-10-30 11:40:25,7:19:34.000 AM
1:41:07.000,2022-04-23 02:48:33,9:09:24.000 PM
22:19:06.000,2022-05-29 08:16:48,1:38:30.000 AM
13:18:09.000,2022-07-10 02:46:10,11:11:12.000 PM
17:29:31.000,2022-06-03 15:02:53,10:09:42.000 AM
22:54:49.000,2022-07-10 07:52:34,8:21:38.000 PM
5:54:57.000,2022-02-26 07:04:08,11:31:29.000 PM
12:59:54.000,2022-03-27 20:42:04,6:48:55.000 PM
5:40:33.000,2022-08-04 13:21:53,8:44:43.000 PM
2:54:20.000,2022-05-16 18:21:22,5:00:37.000 AM
9:37:50.000,2022-09-05 18:04:47,7:18:04.000 AM
7:31:46.000,2022-08-05 17:52:14,4:01:41.000 PM
14:41:21.000,2022-05-04 02:51:05,10:14:14.000 AM
10:59:18.000,2022-01-03 01:03:34,2:35:54.000 PM
3:03:23.000,2022-10-21 18:57:49,12:45:09.000 PM
16:44:52.000,2022-01-16 03:15:43,5:51:28.000 AM
14:27:34.000,2022-06-01 02:37:40,2:51:23.000 PM
2:26:21.000,2022-09-11 09:15:29,2:45:13.000 AM
0:11:36.000,2022-06-10 21:38:37,10:54:48.000 PM
9:48:30.000,2021-12-05 22:58:25,3:57:57.000 AM
20:31:37.000,2022-08-04 07:34:51,7:27:18.000 PM
14:49:14.000,2022-01-11 23:05:58,5:09:51.000 AM
10:02:30.000,2022-06-17 23:07:36,2:14:37.000 PM
16:54:28.000,2022-09-05 04:52:59,11:12:32.000 PM
22:56:26.000,2022-09-23 13:17:03,9:24:11.000 AM
14:18:43.000,2022-02-18 04:38:34,9:31:28.000 AM
7:12:59.000,2022-03-29 04:16:49,8:30:07.000 PM
20:36:26.000,2021-12-10 18:50:16,5:31:06.000 AM
10:45:38.000,2022-06-17 21:09:17,7:53:08.000 AM
1:07:42.000,2022-04-05 12:14:53,8:21:53.000 PM
4:49:53.000,2022-02-19 06:35:48,2:16:29.000 PM
6:52:40.000,2022-02-09 22:48:39,10:23:02.000 PM
19:10:54.000,2022-05-11 01:20:19,9:51:18.000 PM
13:41:08.000,2022-03-07 08:04:44,1:25:55.000 PM
20:21:33.000,2022-08-19 06:40:32,9:01:18.000 PM
0:17:24.000,2022-03-28 10:28:41,9:36:02.000 PM
13:30:35.000,2022-06-09 18:49:54,9:06:02.000 AM
19:43:44.000,2022-01-09 02:17:56,4:31:47.000 PM
14:20:02.000,2022-06-08 04:11:14,8:03:41.000 PM
2:25:06.000,2022-01-22 05:05:55,1:20:48.000 PM
4:35:11.000,2022-06-05 02:42:41,1:12:47.000 AM
2:23:29.000,2022-06-22 15:37:33,8:50:17.000 PM
18:17:15.000,2022-10-06 08:11:30,7:49:40.000 PM
1:41:24.000,2022-08-10 05:19:50,9:13:46.000 PM
15:33:47.000,2022-04-01 09:49:15,3:19:49.000 PM
18:35:33.000,2022-01-12 03:51:35,1:11:59.000 AM
11:41:35.000,2022-06-22 04:56:54,1:44:30.000 PM
20:10:12.000,2022-01-28 09:25:56,6:56:55.000 AM
18:09:19.000,2021-12-18 15:58:19,9:53:51.000 PM
5:28:26.000,2022-02-11 07:17:03,7:50:58.000 AM
9:37:44.000,2022-11-03 14:54:30,11:03:59.000 PM
11:31:40.000,2022-06-24 14:02:24,3:36:39.000 PM
14:17:06.000,2021-11-30 21:18:18,8:17:12.000 PM
14:55:46.000,2022-06-16 20:28:53,4:37:27.000 AM
23:31:03.000,2022-11-04 15:06:12,10:19:39.000 PM
6:24:33.000,2022-04-21 09:44:30,8:51:57.000 PM
11:52:34.000,2022-09-12 20:36:37,8:37:19.000 AM
12:15:31.000,2022-04-05 07:09:00,6:28:34.000 PM
14:59:17.000,2022-05-21 16:08:22,12:38:33.000 PM
14:23:16.000,2022-10-01 02:54:56,5:02:07.000 AM
3:22:31.000,2022-02-04 08:23:55,1:28:58.000 PM
0:53:45.000,2022-10-11 06:26:07,3:50:16.000 PM
14:07:56.000,2022-06-06 12:10:27,1:55:41.000 PM
18:01:18.000,2022-01-23 02:54:15,10:53:52.000 AM
18:04:59.000,2022-02-22 04:11:51,1:29:37.000 PM
21:42:01.000,2021-11-24 11:16:31,11:49:48.000 AM
7:41:39.000,2022-10-12 21:06:41,12:44:15.000 PM
22:30:43.000,2022-07-25 22:51:38,1:01:03.000 PM
5:33:06.000,2022-04-30 14:53:53,6:03:50.000 AM
0:02:56.000,2021-11-25 06:23:17,1:16:35.000 PM
17:22:22.000,2022-01-27 21:31:31,2:22:04.000 AM
1:02:06.000,2022-01-11 21:30:32,12:35:51.000 PM
17:54:02.000,2022-10-30 15:44:45,3:19:16.000 AM
4:16:31.000,2022-02-11 07:08:17,6:33:15.000 PM
0:08:14.000,2022-07-28 16:52:43,4:20:11.000 AM
14:30:22.000,2021-12-20 01:26:22,5:29:28.000 AM
12:44:40.000,2022-10-22 08:26:33,4:10:36.000 PM
1:42:17.000,2022-10-11 17:58:02,11:00:41.000 PM
20:23:15.000,2022-02-24 02:27:51,9:02:19.000 PM
4:49:07.000,2022-08-27 08:43:42,2:02:15.000 AM
13:53:27.000,2022-11-08 02:41:58,9:36:24.000 AM
5:23:40.000,2022-08-23 04:02:06,12:23:01.000 AM
10:48:31.000,2022-02-23 07:00:23,6:38:13.000 PM
23:51:48.000,2022-06-09 06:07:04,1:29:30.000 PM
9:05:46.000,2022-06-07 21:21:25,5:14:29.000 PM
23:34:13.000,2022-07-05 01:46:21,11:48:51.000 PM
17:33:51.000,2022-10-13 05:50:12,2:50:45.000 PM
2:02:57.000,2022-02-20 21:00:48,6:02:00.000 PM
11:25:53.000,2022-10-23 00:02:17,2:42:59.000 AM
17:38:18.000,2022-03-06 12:01:39,9:25:56.000 AM
5:15:59.000,2022-07-14 18:57:26,2:22:15.000 PM
18:44:33.000,2022-08-20 07:23:20,5:53:13.000 PM
20:18:35.000,2022-07-11 07:24:23,11:08:52.000 AM
1:35:32.000,2022-01-06 17:10:56,2:27:16.000 PM
20:58:14.000,2022-09-18 23:33:02,5:42:55.000 AM
17:43:27.000,2022-01-10 04:01:52,2:17:11.000 AM
5:26:41.000,2022-10-11 21:45:43,3:30:36.000 PM
15:53:24.000,2022-05-10 01:27:09,5:35:30.000 PM
16:19:46.000,2022-01-25 00:32:54,11:41:05.000 PM
0:19:25.000,2022-06-29 02:27:31,3:20:51.000 AM
17:29:40.000,2022-10-24 22:41:16,10:33:36.000 PM
12:19:06.000,2022-04-20 21:24:52,12:48:46.000 PM
15:27:42.000,2022-03-27 21:21:03,4:07:55.000 PM
6:49:55.000,2022-04-18 04:31:25,7:41:11.000 PM
2:22:56.000,2022-02-22 19:08:01,3:06:51.000 PM
15:57:27.000,2022-03-21 18:10:11,6:58:05.000 PM
17:31:10.000,2021-12-05 14:37:53,5:06:25.000 AM
6:14:53.000,2022-10-11 16:44:17,2:54:38.000 AM
12:04:37.000,2022-10-04 07:25:05,2:47:00.000 PM
12:34:11.000,2022-05-11 23:45:37,8:08:22.000 PM
21:58:19.000,2022-09-16 20:31:23,12:23:53.000 AM
2:37:01.000,2022-09-16 02:16:28,4:56:01.000 AM
16:42:28.000,2021-12-15 18:53:10,3:23:51.000 PM
10:53:26.000,2021-12-22 12:41:39,12:51:34.000 PM
2:57:47.000,2022-05-01 15:26:03,9:49:10.000 PM
8:20:35.000,2022-04-19 03:08:49,12:01:17.000 AM
23:37:42.000,2022-10-19 04:06:17,4:59:29.000 AM
8:52:53.000,2022-08-07 09:20:48,10:57:38.000 AM
18:10:51.000,2021-11-17 21:00:43,3:29:06.000 AM
18:01:37.000,2022-08-08 03:16:47,6:49:19.000 AM
8:55:13.000,2022-06-17 17:13:48,8:49:45.000 AM
20:05:47.000,2022-06-24 02:30:21,4:51:03.000 AM
19:29:38.000,2022-03-15 15:25:15,3:14:30.000 AM
9:41:05.000,2022-09-12 06:14:34,10:41:27.000 AM
2:49:14.000,2022-07-19 21:39:02,4:56:22.000 PM
11:56:57.000,2022-10-06 16:27:25,12:38:56.000 PM
14:58:05.000,2022-08-03 01:53:58,2:38:22.000 AM
19:36:03.000,2021-12-09 00:28:37,7:50:39.000 AM
10:30:07.000,2022-11-09 08:55:35,12:48:31.000 PM
1:06:34.000,2022-02-20 07:33:35,12:37:26.000 AM
11:26:34.000,2022-04-12 09:54:48,1:22:20.000 PM
13:58:47.000,2022-10-25 17:36:34,1:51:20.000 PM
17:52:21.000,2022-01-14 11:43:30,8:28:52.000 PM
9:30:26.000,2021-11-29 03:44:32,7:42:09.000 AM
13:38:05.000,2021-12-28 16:17:54,7:03:28.000 AM
13:35:07.000,2022-10-13 10:45:11,4:17:00.000 PM
13:19:43.000,2022-01-28 14:19:58,11:52:45.000 PM
10:16:02.000,2022-04-25 07:26:19,11:57:24.000 AM
8:25:48.000,2022-03-14 01:47:14,4:46:59.000 AM
0:25:31.000,2022-01-20 21:21:34,5:47:26.000 PM
0:37:53.000,2022-07-30 18:25:20,6:14:53.000 PM
18:53:08.000,2021-11-22 01:06:01,11:13:30.000 AM
0:00:04.000,2021-12-03 14:52:29,2:51:14.000 AM
19:38:21.000,2022-08-15 08:48:54,1:52:19.000 AM
12:53:57.000,2022-10-15 22:45:22,10:55:17.000 AM
10:53:53.000,2022-03-03 16:48:08,11:40:14.000 AM
16:38:58.000,2021-11-23 15:46:02,1:32:35.000 AM
5:01:47.000,2022-08-08 09:59:06,10:35:42.000 AM
18:54:30.000,2022-02-06 23:25:00,9:10:37.000 AM
6:35:32.000,2021-11-12 21:43:22,5:01:47.000 PM
10:29:07.000,2022-09-06 09:43:04,4:35:37.000 AM
17:33:17.000,2022-07-27 01:17:33,10:40:02.000 AM
9:16:32.000,2021-11-20 05:03:25,6:47:37.000 PM
15:26:09.000,2022-07-26 03:56:57,4:04:07.000 AM
17:44:27.000,2022-08-27 09:30:15,5:00:22.000 AM
18:59:24.000,2021-12-29 13:03:56,8:21:25.000 AM
21:04:38.000,2021-12-30 22:05:49,3:50:48.000 PM
5:04:01.000,2022-04-25 12:50:27,5:08:24.000 AM
17:23:31.000,2022-10-27 00:04:37,11:12:24.000 PM
2:56:14.000,2022-01-15 09:12:29,2:43:40.000 AM
10:11:55.000,2022-06-14 22:43:19,7:10:30.000 PM
14:00:37.000,2022-01-05 22:10:16,7:15:20.000 PM
12:25:20.000,2022-10-12 15:21:06,9:19:39.000 AM
18:14:47.000,2022-03-25 04:42:50,6:57:47.000 AM
21:31:05.000,2022-03-24 15:48:54,2:17:44.000 AM
20:21:05.000,2022-07-02 04:35:26,11:10:22.000 PM
10:33:26.000,2022-05-19 00:50:20,10:14:06.000 AM
6:14:58.000,2022-02-08 22:44:59,3:57:43.000 PM
4:33:12.000,2022-08-17 17:04:39,2:04:07.000 AM
14:35:12.000,2022-04-07 10:51:09,10:11:29.000 PM
21:36:30.000,2022-05-01 05:48:00,9:24:05.000 AM
18:14:38.000,2022-07-09 05:24:50,1:53:10.000 PM
15:30:50.000,2021-12-09 07:23:06,12:03:00.000 PM
9:41:27.000,2022-04-13 11:02:02,5:33:42.000 PM
9:25:55.000,2021-11-25 01:57:23,6:39:24.000 AM
0:04:46.000,2021-12-26 12:41:37,5:48:22.000 AM
19:07:09.000,2022-06-09 18:51:07,5:23:47.000 AM
11:09:03.000,2022-01-27 00:46:27,6:24:10.000 PM
15:37:09.000,2022-08-31 14:26:07,6:14:55.000 AM
7:08:42.000,2022-05-26 09:47:55,12:47:08.000 AM
2:18:45.000,2022-09-22 21:50:51,3:26:03.000 AM
2:54:53.000,2022-04-03 11:51:21,12:29:22.000 PM
19:45:23.000,2022-08-15 07:22:00,4:00:14.000 AM
2:02:17.000,2022-04-28 20:40:20,12:13:33.000 AM
8:55:35.000,2022-09-20 14:01:15,10:55:55.000 AM
8:16:09.000,2022-05-03 05:48:56,9:28:32.000 AM
6:09:10.000,2021-12-07 17:38:29,5:22:53.000 PM
3:01:37.000,2022-07-06 07:21:03,7:37:58.000 AM
17:40:00.000,2022-01-20 02:47:21,11:40:13.000 PM
11:04:59.000,2022-08-31 08:23:19,1:45:07.000 PM
1:38:23.000,2022-06-28 15:19:21,4:37:21.000 AM
14:03:29.000,2022-09-24 11:53:16,7:52:15.000 AM
1:47:10.000,2022-04-11 03:56:05,1:31:39.000 AM
13:14:53.000,2022-11-10 16:10:25,7:22:54.000 PM
15:54:03.000,2022-01-23 21:53:12,7:34:54.000 PM
21:05:38.000,2022-05-27 08:21:26,5:33:28.000 AM
17:22:05.000,2022-08-10 14:19:34,4:38:23.000 PM
13:56:51.000,2022-06-02 09:26:41,7:56:06.000 AM
12:29:45.000,2022-05-26 14:12:41,9:05:27.000 PM
10:24:30.000,2022-04-23 16:57:00,5:52:52.000 AM
23:40:59.000,2022-09-22 20:21:51,9:58:09.000 AM
3:18:08.000,2022-06-12 22:10:07,1:26:15.000 PM
9:05:41.000,2022-10-09 21:41:28,7:47:42.000 PM
15:57:57.000,2022-10-28 04:22:32,7:26:17.000 AM
4:49:27.000,2022-03-10 16:13:32,9:31:55.000 PM
10:43:00.000,2022-09-23 17:34:53,1:11:08.000 PM
21:40:56.000,2022-02-14 22:40:01,12:46:28.000 PM
14:34:37.000,2022-01-28 07:45:46,6:32:09.000 AM
2:46:47.000,2022-03-02 01:57:50,6:38:53.000 PM
18:24:48.000,2022-05-02 01:34:27,10:18:32.000 PM
4:50:26.000,2022-01-15 23:39:59,5:51:40.000 PM
13:08:38.000,2022-08-23 22:27:46,4:29:26.000 AM
18:36:53.000,2022-10-08 22:58:24,4:06:29.000 AM
1:17:42.000,2022-07-01 01:30:46,2:49:03.000 AM
5:38:42.000,2022-07-17 16:23:28,9:38:47.000 AM
5:39:16.000,2022-07-07 01:44:59,2:24:55.000 AM
22:05:12.000,2022-09-07 13:16:01,4:26:18.000 PM
13:09:26.000,2022-05-01 03:35:03,9:35:25.000 PM
20:01:20.000,2022-05-25 14:38:18,10:30:01.000 AM