pyspark_date,other_date,pyspark_timestamp
2022-08-02,29-01-2022,2022-04-03 21:08:37
2022-03-28,13-10-2022,2022-10-07 00:07:36
2022-02-17,11-11-2021,2022-05-06 13:06:57
2022-09-08,07-10-2022,2022-08-26 17:09:36
2022-09-04,22-07-2022,2022-09-23 22:58:26
2022-01-27,29-08-2022,2022-08-10 09:59:54
2022-08-23,18-11-2021,2022-05-11 19:28:08
2022-03-17,21-08-2022,2022-02-23 08:30:17
2021-12-17,05-12-2021,2021-11-14 12:23:15
2022-01-11,02-03-2022,2022-04-09 10:08:52
2022-01-08,28-08-2022,2022-09-04 00:37:08
2022-01-18,06-07-2022,2022-03-14 07:55:36
2022-07-16,23-06-2022,2022-02-13 01:59:14
2022-09-11,21-06-2022,2022-09-23 23:06:13
2022-06-15,14-06-2022,2022-04-15 03:13:34
2022-06-13,21-04-2022,2022-03-24 19:32:28
2021-12-03,05-02-2022,2022-01-08 02:01:46
2022-06-10,10-01-2022,2022-07-29 06:39:35
2022-10-06,11-02-2022,2022-06-10 23:14:25
2022-10-06,30-11-2021,2022-06-03 15:23:20
2022-01-29,06-08-2022,2022-02-07 20:36:36
2022-10-12,07-08-2022,2022-10-31 04:36:48
2022-05-29,21-03-2022,2022-08-04 17:52:51
2022-02-13,14-06-2022,2022-07-25 14:00:25
2022-05-06,05-10-2022,2022-03-08 00:41:35
2022-01-03,15-02-2022,2022-07-20 01:50:53
2022-09-22,21-11-2021,2022-07-18 01:10:54
2022-02-18,16-12-2021,2022-01-20 01:04:13
2022-01-21,04-12-2021,2022-03-22 01:52:43
2022-09-03,16-11-2021,2022-01-25 11:04:28
2022-09-12,01-06-2022,2021-11-26 06:32:48
2022-09-10,16-08-2022,2022-07-25 21:42:21
2021-11-05,02-12-2021,2021-11-25 07:04:13
2021-12-23,13-11-2021,2022-01-15 18:12:07
2022-05-08,04-04-2022,2022-06-29 23:32:33
2021-12-15,14-06-2022,2021-11-12 22:49:41
2022-06-17,03-05-2022,2022-02-11 07:44:12
2021-11-27,01-04-2022,2022-06-20 11:52:32
2021-11-24,06-08-2022,2022-02-07 09:38:37
2022-05-14,07-09-2022,2022-10-13 21:26:45
2022-09-23,18-08-2022,2022-08-13 03:35:20
2022-03-07,16-10-2022,2022-10-01 05:23:36
2022-10-18,22-01-2022,2022-04-25 20:01:52
2022-06-24,01-05-2022,2022-08-28 10:35:44
2022-10-17,09-11-2021,2022-01-03 06:39:18
2022-03-03,08-05-2022,2022-08-19 10:23:42
2022-08-28,29-10-2022,2022-06-02 09:09:44
2022-03-08,12-04-2022,2022-08-10 17:56:37
2022-05-26,10-02-2022,2022-08-23 09:46:27
2022-08-10,28-04-2022,2021-11-03 09:34:59
2022-05-17,03-06-2022,2022-04-30 10:33:39
2022-03-26,13-06-2022,2022-09-17 11:16:44
2022-05-02,11-11-2021,2022-10-15 09:54:21
2022-10-02,02-03-2022,2022-05-28 16:02:25
2022-07-18,09-01-2022,2022-02-02 04:40:48
2022-09-06,18-02-2022,2021-11-18 21:42:30
2021-11-24,28-11-2021,2022-01-21 17:09:34
2021-11-07,17-01-2022,2022-02-13 13:08:06
2022-05-18,26-12-2021,2022-10-03 00:55:11
2022-03-13,03-09-2022,2021-12-27 06:57:02
2022-08-23,11-02-2022,2021-11-03 11:15:24
2021-11-20,29-06-2022,2021-11-13 14:24:20
2022-06-23,07-05-2022,2022-01-09 20:22:53
2022-08-01,21-04-2022,2022-09-25 07:17:03
2022-04-27,25-04-2022,2022-08-11 08:49:10
2021-11-10,08-01-2022,2022-01-12 16:41:00
2022-04-08,14-09-2022,2022-09-06 03:42:47
2022-09-18,02-06-2022,2022-09-16 18:58:06
2022-03-16,18-04-2022,2022-08-29 04:20:37
2022-07-06,14-07-2022,2022-09-17 01:39:59
2022-06-25,09-04-2022,2021-12-20 16:36:31
2022-07-19,07-01-2022,2022-08-22 14:36:11
2021-11-11,19-01-2022,2022-06-29 16:00:59
2021-12-08,03-12-2021,2022-01-10 04:16:58
2022-05-01,15-08-2022,2022-06-28 18:06:51
2022-03-12,31-10-2022,2022-09-19 01:19:22
2022-08-09,07-04-2022,2022-01-12 06:26:27
2022-04-26,22-10-2022,2022-08-08 00:57:12
2022-10-29,28-03-2022,2022-10-29 20:37:40
2021-11-26,16-03-2022,2021-11-06 02:40:07
2022-07-01,15-04-2022,2022-03-06 20:44:37
2022-03-04,10-08-2022,2021-11-14 15:58:10
2022-07-01,02-12-2021,2022-09-30 01:10:09
2022-10-02,03-11-2021,2022-08-18 23:00:23
2022-02-04,29-09-2022,2022-02-12 06:35:11
2021-12-24,23-10-2022,2022-03-15 05:40:07
2022-07-25,27-06-2022,2021-11-23 20:47:47
2022-07-30,06-02-2022,2022-10-04 23:56:27
2022-07-11,25-08-2022,2022-09-22 12:08:02
2022-02-25,13-01-2022,2021-11-06 12:39:28
2022-01-13,25-02-2022,2022-01-23 16:45:35
2021-11-11,15-01-2022,2022-02-10 17:34:31
2022-05-16,10-01-2022,2022-02-28 10:10:28
2022-04-29,31-12-2021,2021-12-18 11:11:42
2022-07-23,19-12-2021,2022-09-04 05:59:32
2022-09-01,10-04-2022,2022-04-11 19:55:56
2021-11-01,26-09-2022,2022-08-08 15:58:59
2021-12-03,24-10-2022,2022-02-08 07:45:39
2022-09-12,04-02-2022,2022-04-01 03:09:46
2021-12-31,01-11-2021,2022-03-20 21:19:49
2022-04-21,03-02-2022,2021-12-06 19:37:33
2022-09-02,31-07-2022,2022-06-10 07:09:26
2022-07-12,26-05-2022,2022-09-25 04:56:35
2022-09-12,12-05-2022,2022-04-01 08:06:34
2022-08-26,25-05-2022,2021-11-13 02:07:25
2022-09-17,17-01-2022,2022-05-29 01:27:37
2022-10-12,22-12-2021,2022-03-29 01:58:44
2022-09-06,29-04-2022,2022-03-09 21:01:16
2022-03-14,04-10-2022,2022-09-05 20:02:30
2021-11-15,29-08-2022,2021-11-09 14:42:59
2022-03-19,19-02-2022,2022-01-04 11:02:05
2022-08-03,28-05-2022,2022-10-23 23:44:12
2021-11-23,05-12-2021,2021-12-05 09:10:54
2022-04-28,19-02-2022,2021-12-23 16:22:05
2021-12-09,26-06-2022,2022-05-01 08:02:51
2022-02-26,18-07-2022,2022-01-23 20:51:00
2022-05-30,14-10-2022,2022-01-11 02:10:04
2022-07-22,13-12-2021,2022-06-23 14:56:58
2022-09-07,04-10-2022,2021-12-31 02:54:56
2022-03-25,12-02-2022,2022-01-19 18:56:40
2022-06-05,17-03-2022,2022-08-14 02:22:48
2022-07-02,18-10-2022,2021-11-29 02:46:57
2022-05-06,23-10-2022,2022-07-31 05:00:30
2022-05-16,09-05-2022,2022-07-12 08:39:21
2022-10-18,01-04-2022,2022-06-24 23:08:48
2022-05-18,13-11-2021,2022-05-14 06:43:04
2022-01-12,02-11-2021,2021-11-26 23:48:13
2021-12-05,09-03-2022,2022-08-03 09:50:45
2022-06-21,05-01-2022,2022-03-14 07:45:09
2022-01-28,23-01-2022,2022-05-20 00:54:42
2022-06-06,22-10-2022,2021-11-11 02:16:33
2022-07-05,21-11-2021,2021-12-14 22:46:06
2022-09-27,15-03-2022,2022-08-26 22:28:02
2022-08-03,22-01-2022,2022-09-24 16:54:00
2022-03-21,28-10-2022,2022-06-11 23:44:22
2022-08-30,15-02-2022,2022-04-26 00:53:27
2022-02-15,27-10-2022,2022-03-16 20:35:23
2022-06-24,04-06-2022,2022-05-14 21:08:24
2022-03-20,21-10-2022,2022-04-29 10:04:20
2022-02-06,04-01-2022,2022-02-06 08:38:07
2022-05-14,20-02-2022,2021-11-16 23:03:03
2021-12-23,30-05-2022,2021-12-20 16:19:33
2022-10-11,23-03-2022,2022-10-07 15:26:09
2022-08-13,19-11-2021,2022-07-20 01:18:56
2022-08-28,21-01-2022,2021-11-22 11:24:05
2022-06-23,04-12-2021,2021-12-19 00:46:56
2022-10-17,15-07-2022,2022-04-30 00:59:52
2022-10-08,20-10-2022,2022-09-29 18:05:36
2021-12-17,26-05-2022,2022-01-26 07:57:01
2022-09-01,03-01-2022,2022-01-27 12:19:08
2022-06-08,17-07-2022,2022-06-28 09:52:06
2022-02-11,08-06-2022,2022-02-01 12:54:40
2021-11-02,12-12-2021,2022-07-06 14:11:02
2022-05-16,07-02-2022,2021-11-03 16:32:02
2022-05-02,12-09-2022,2022-08-16 07:47:05
2022-03-15,22-12-2021,2022-02-09 14:34:49
2022-06-20,10-12-2021,2022-10-06 09:33:03
2022-05-04,13-06-2022,2022-10-28 14:30:32
2022-05-13,11-04-2022,2022-09-06 12:44:06
2022-08-06,24-06-2022,2022-08-20 03:59:20
2022-01-09,24-02-2022,2022-09-23 00:14:28
2022-10-11,11-02-2022,2022-10-15 11:33:51
2022-04-16,27-03-2022,2022-09-15 17:53:15
2022-01-30,15-04-2022,2022-02-11 07:14:46
2022-06-23,17-02-2022,2022-03-10 19:57:05
2021-11-21,19-07-2022,2022-06-23 06:50:01
2021-12-22,26-11-2021,2022-03-20 14:07:19
2022-02-14,17-09-2022,2022-07-09 15:50:53
2022-10-25,10-05-2022,2021-12-07 10:23:34
2022-06-29,06-10-2022,2022-02-17 12:14:50
2022-05-13,20-05-2022,2022-02-09 06:38:23
2022-06-05,16-10-2022,2022-06-15 05:42:04
2022-10-06,10-01-2022,2021-12-20 23:43:26
2022-06-29,28-12-2021,2022-02-26 23:19:29
2022-08-19,01-04-2022,2022-07-29 15:18:16
2022-08-12,28-03-2022,2022-05-11 17:39:27
2022-03-25,31-03-2022,2022-10-31 22:51:08
2022-01-06,08-09-2022,2022-03-01 03:47:40
2022-04-15,25-11-2021,2022-07-30 15:38:23
2022-10-17,20-05-2022,2022-03-18 00:56:42
2022-05-07,29-07-2022,2021-11-01 01:34:05
2022-07-23,20-02-2022,2022-05-14 03:47:04
2022-04-18,24-01-2022,2021-11-12 08:57:08
2022-09-10,06-05-2022,2022-01-22 02:59:02
2022-08-13,11-09-2022,2022-10-07 05:21:32
2021-12-05,23-09-2022,2022-09-04 13:06:03
2022-10-24,11-07-2022,2022-01-21 06:54:15
2021-11-02,27-03-2022,2022-08-11 14:46:24
2021-12-11,26-01-2022,2021-11-28 21:06:51
2022-07-12,19-12-2021,2022-03-31 09:51:22
2022-01-07,22-03-2022,2022-02-13 08:32:57
2021-12-17,25-02-2022,2022-08-15 08:05:59
2022-05-24,27-01-2022,2022-03-15 17:48:36
2022-10-10,21-06-2022,2022-07-01 14:15:21
2022-05-11,27-09-2022,2022-07-27 02:14:26
2021-12-07,15-09-2022,2022-03-25 21:42:14
2022-02-13,20-06-2022,2022-03-09 14:16:20
2022-03-09,15-09-2022,2022-06-10 17:54:37
2022-10-29,28-06-2022,2022-03-12 04:49:35
2022-09-06,17-09-2022,2022-05-02 19:46:17
2022-08-09,24-04-2022,2021-12-10 22:40:45
2021-12-21,23-01-2022,2022-07-19 06:49:05
2022-05-11,30-12-2021,2022-07-19 00:51:38
2022-07-28,19-05-2022,2022-04-03 22:35:04
2021-12-07,18-02-2022,2022-04-11 09:45:39
2022-06-26,16-04-2022,2022-05-14 00:23:40
2022-09-01,07-10-2022,2022-08-03 23:42:16
2022-09-05,02-02-2022,2022-06-19 11:17:33
2022-08-22,19-01-2022,2022-02-13 16:54:25
2022-06-04,13-06-2022,2021-11-01 19:08:07
2021-11-08,23-10-2022,2021-11-27 23:21:03
2021-11-20,09-12-2021,2022-03-19 20:35:23
2021-11-21,27-02-2022,2022-09-07 00:02:19
2022-07-14,19-12-2021,2022-03-27 03:01:51
2021-12-02,30-03-2022,2021-11-27 13:35:08
2022-07-30,07-09-2022,2022-01-13 00:24:07
2022-02-08,28-10-2022,2021-12-03 19:37:53
2021-11-09,19-10-2022,2021-11-06 13:03:02
2021-12-21,06-05-2022,2022-08-07 16:27:06
2022-06-03,19-02-2022,2022-10-16 08:35:21
2022-07-24,02-09-2022,2022-04-02 09:56:57
2022-08-25,07-12-2021,2022-06-06 05:33:56
2021-12-20,01-02-2022,2022-09-15 14:54:11
2021-11-04,13-08-2022,2022-08-04 23:43:31
2022-05-15,13-07-2022,2022-04-03 18:19:34
2022-09-24,16-06-2022,2022-10-24 05:28:31
2022-07-05,09-07-2022,2021-12-06 04:10:57
2022-10-25,09-08-2022,2022-06-07 12:29:09
2021-12-29,27-09-2022,2021-11-11 10:18:47
2021-12-30,07-06-2022,2022-07-18 09:37:15
2021-12-13,11-08-2022,2022-08-27 15:41:56
2021-11-24,23-01-2022,2022-08-21 23:07:20
2022-08-10,01-01-2022,2022-10-31 03:13:52
2022-01-15,19-09-2022,2022-03-27 11:26:52
2021-11-27,25-04-2022,2022-07-24 20:25:08
2022-03-11,08-04-2022,2021-11-26 13:11:13
2022-03-10,07-07-2022,2022-05-08 09:09:16
2022-09-03,07-06-2022,2022-01-25 01:24:36
2021-11-28,25-10-2022,2022-04-15 18:42:04
2022-06-06,05-09-2022,2022-03-31 21:49:43
2022-03-25,16-03-2022,2022-02-17 11:57:01
2021-11-25,27-06-2022,2022-03-30 07:26:58
2022-09-21,19-05-2022,2021-11-27 22:00:00
2022-03-08,25-03-2022,2022-03-27 11:42:45
2022-01-22,13-06-2022,2022-03-29 23:24:30
2022-10-31,10-06-2022,2021-12-12 09:26:58
2021-12-29,24-04-2022,2022-07-05 02:35:06
2022-08-29,17-03-2022,2021-11-30 10:05:19
2022-10-21,02-09-2022,2022-05-25 12:26:42
2022-01-15,04-11-2021,2022-05-05 17:23:26
2022-06-29,24-11-2021,2022-10-18 01:31:06
2022-08-25,14-04-2022,2022-01-19 08:13:23
2022-08-04,16-10-2022,2022-07-15 03:06:01
2021-11-28,16-01-2022,2022-02-22 03:08:01
2022-05-13,23-03-2022,2022-06-08 06:56:53
2022-07-23,08-11-2021,2022-04-06 07:13:25
2022-03-17,05-10-2022,2021-11-23 20:25:51
2022-03-10,11-01-2022,2022-02-26 22:12:42
2022-06-03,18-07-2022,2022-06-07 20:20:17
2022-08-13,26-11-2021,2022-02-23 00:54:12
2022-09-27,16-04-2022,2022-08-15 21:43:59
2022-06-14,02-02-2022,2022-01-25 15:41:35
2022-02-27,25-06-2022,2022-05-06 09:50:42
2022-05-20,24-08-2022,2021-12-10 20:37:55
2022-10-02,20-05-2022,2022-08-01 06:53:49
2022-05-26,12-01-2022,2022-08-03 20:13:34
2021-11-15,01-09-2022,2022-10-15 20:24:49
2022-10-22,28-03-2022,2022-10-30 07:53:55
2022-04-18,17-10-2022,2021-11-16 06:41:02
2022-08-07,18-02-2022,2022-09-08 08:48:45
2022-06-30,22-07-2022,2022-09-29 14:07:34
2022-01-14,28-06-2022,2022-05-06 03:29:17
2022-09-05,26-06-2022,2022-07-01 16:31:12
2022-07-28,22-09-2022,2022-09-12 16:15:08
2022-01-02,25-12-2021,2022-07-11 15:05:31
2022-06-07,07-01-2022,2022-02-24 11:01:22
2022-06-27,18-02-2022,2022-02-09 19:53:37
2022-01-12,18-02-2022,2022-05-14 18:07:08
2021-11-03,08-08-2022,2022-07-31 00:10:14
2022-05-16,13-04-2022,2022-08-08 19:45:10
2022-04-30,20-06-2022,2022-06-26 16:48:21
2022-04-18,11-11-2021,2022-03-13 07:55:13
2022-09-19,31-05-2022,2022-08-26 23:58:42
2022-03-08,19-03-2022,2022-06-22 23:58:29
2022-04-20,09-04-2022,2022-01-03 19:44:31
2022-10-20,02-10-2022,2022-02-03 07:23:20
2021-11-10,27-01-2022,2021-11-29 20:54:36
2022-07-29,06-02-2022,2021-12-14 19:48:54
2022-05-14,20-04-2022,2022-05-09 22:11:05
2022-10-05,26-10-2022,2021-11-11 03:01:49
2022-05-07,19-06-2022,2022-01-02 16:08:15
2022-01-27,25-09-2022,2022-05-05 18:43:15
2022-02-27,22-08-2022,2022-07-14 23:34:47
2021-12-01,21-02-2022,2021-11-08 08:31:57
2022-05-07,17-10-2022,2022-02-15 01:49:18
2022-10-03,16-01-2022,2022-03-11 14:56:55
2022-08-23,03-08-2022,2022-03-10 20:17:42
2022-08-05,27-08-2022,2022-02-09 20:30:44
2022-09-19,03-08-2022,2022-04-14 21:37:37
2022-09-23,17-08-2022,2021-12-01 15:52:06
2022-06-24,07-08-2022,2022-05-26 15:35:27
2021-11-21,16-09-2022,2021-11-22 10:10:38
2022-04-26,05-08-2022,2022-01-24 04:07:35
2022-07-21,23-09-2022,2022-05-07 03:03:46
2021-12-17,27-12-2021,2022-04-27 14:57:49
2022-07-22,20-06-2022,2022-07-09 03:17:18
2022-08-30,24-04-2022,2022-09-15 03:56:14
2021-12-16,26-12-2021,2022-10-06 06:24:15
2021-12-05,07-04-2022,2022-04-13 04:22:01
2022-02-15,26-03-2022,2022-02-06 18:43:13
2022-08-08,25-03-2022,2022-10-15 08:36:16
2022-02-28,23-02-2022,2021-12-22 18:03:21
2022-10-06,23-02-2022,2022-05-02 23:49:39
2022-04-08,18-08-2022,2022-03-05 04:44:09
2022-04-10,28-04-2022,2022-08-02 04:05:29
2022-05-22,08-01-2022,2022-07-06 07:58:15
2022-03-22,03-06-2022,2022-05-02 16:55:43
2022-01-11,07-10-2022,2022-07-01 15:29:07
2021-12-24,09-03-2022,2022-02-26 12:10:00
2022-07-24,25-03-2022,2022-10-09 16:43:19
2022-04-14,22-05-2022,2021-11-24 15:39:26
2021-12-06,25-10-2022,2022-03-29 07:01:31
2022-02-02,13-02-2022,2022-03-03 11:38:14
2022-07-27,11-07-2022,2022-02-18 05:48:18
2022-05-22,02-05-2022,2022-03-04 07:08:10
2022-01-22,28-02-2022,2021-12-14 21:06:23
2022-05-01,13-07-2022,2021-11-03 19:13:13
2022-03-10,20-03-2022,2021-11-02 12:30:29
2022-03-17,21-06-2022,2022-06-12 20:38:07
2022-09-03,20-08-2022,2021-12-09 23:22:24
2022-09-07,04-07-2022,2022-10-20 16:31:45
2021-12-19,15-07-2022,2022-07-14 00:49:23
2021-11-07,14-06-2022,2022-04-02 18:37:17
2022-02-13,03-11-2021,2022-04-02 06:15:47
2022-09-29,24-07-2022,2022-04-07 23:54:04
2022-05-08,14-04-2022,2022-03-16 05:32:32
2022-07-04,14-07-2022,2022-06-30 21:19:03
2022-03-07,29-10-2022,2022-05-26 22:26:24
2022-06-07,14-07-2022,2022-03-06 07:48:18
2022-01-24,15-04-2022,2022-04-26 13:51:34
2022-10-14,29-04-2022,2022-01-18 05:12:26
2022-06-11,06-02-2022,2022-01-03 23:08:49
2021-12-11,09-02-2022,2022-02-24 20:37:29
2022-08-13,22-09-2022,2022-05-02 05:02:03
2022-06-22,06-11-2021,2022-04-30 01:11:48
2022-06-24,07-05-2022,2022-09-30 03:25:15
2022-03-27,17-04-2022,2022-08-20 08:29:01
2022-10-14,11-01-2022,2022-05-04 10:59:29
2022-02-22,13-04-2022,2021-11-04 10:21:52
2022-09-21,27-11-2021,2022-06-13 10:30:22
2022-05-29,21-12-2021,2022-01-21 04:43:16
2022-01-07,25-09-2022,2022-03-03 23:02:42
2022-06-25,17-04-2022,2022-02-22 21:37:11
2022-08-19,04-01-2022,2022-03-06 17:19:08
2022-07-03,24-06-2022,2022-04-30 06:02:05
2022-05-03,01-12-2021,2021-11-30 06:37:21
2021-12-29,21-01-2022,2021-11-04 10:55:03
2022-05-18,25-02-2022,2021-11-19 03:43:49
2022-06-29,16-07-2022,2022-03-06 15:37:58
2021-12-09,01-08-2022,2022-04-30 09:11:54
2022-09-30,18-11-2021,2021-12-02 15:14:04
2022-10-09,29-08-2022,2022-08-03 10:06:21
2022-07-03,10-08-2022,2022-02-28 12:42:22
2022-07-23,16-05-2022,2022-10-25 10:55:38
2022-04-27,20-02-2022,2022-07-06 20:10:59
2022-05-20,23-12-2021,2022-06-30 07:27:49
2022-04-07,31-10-2022,2022-01-10 16:43:38
2022-03-30,29-04-2022,2022-07-24 23:50:58
2022-01-20,06-06-2022,2022-01-24 21:16:48
2022-05-28,06-07-2022,2022-09-09 07:49:44
2022-02-10,30-08-2022,2022-09-12 11:53:09
2022-03-31,16-06-2022,2022-06-08 11:48:57
2022-01-09,16-05-2022,2022-09-19 02:27:40
2022-01-15,21-02-2022,2022-03-11 00:52:21
2022-08-07,27-07-2022,2022-09-20 23:09:06
2022-07-18,25-09-2022,2022-04-27 15:24:17
2022-06-23,29-11-2021,2022-08-15 16:50:26
2022-09-30,08-05-2022,2022-02-14 05:18:57
2022-01-16,04-12-2021,2022-03-07 04:45:43
2021-12-18,26-04-2022,2021-11-26 05:15:55
2022-03-12,16-02-2022,2022-09-22 15:07:01
2022-06-09,21-09-2022,2022-08-21 22:40:16
2022-05-27,24-06-2022,2022-10-03 05:54:58
2022-10-02,01-12-2021,2022-01-11 22:00:12
2022-06-19,24-02-2022,2021-11-30 02:53:12
2021-12-31,26-07-2022,2022-04-28 21:00:43
2022-02-28,16-06-2022,2021-12-23 18:57:20
2022-10-21,11-08-2022,2022-08-27 15:36:44
2022-03-09,08-11-2021,2022-01-16 15:02:21
2022-05-25,19-08-2022,2022-01-02 20:15:17
2022-09-19,20-03-2022,2022-10-02 16:58:57
2022-07-08,12-06-2022,2022-03-12 07:38:05
2021-11-05,27-09-2022,2021-11-15 17:04:58
2022-09-11,10-12-2021,2022-04-02 05:44:52
2022-08-29,13-08-2022,2022-10-08 04:46:39
2022-04-08,22-08-2022,2022-04-24 06:23:32
2021-12-27,08-02-2022,2021-12-30 11:40:24
2022-01-19,29-06-2022,2022-05-10 15:51:34
2022-07-08,14-02-2022,2022-03-20 10:36:39
2022-01-20,21-02-2022,2022-08-06 05:17:38
2022-05-19,21-12-2021,2022-04-26 15:27:30
2022-04-13,02-09-2022,2022-03-02 21:11:15
2022-02-04,15-06-2022,2022-07-06 07:19:22
2021-12-11,15-10-2022,2021-11-01 00:30:02
2022-03-25,29-05-2022,2022-02-06 15:38:32
2022-04-21,18-01-2022,2022-10-17 04:19:01
2022-07-14,22-02-2022,2022-03-09 19:46:33
2022-03-11,13-08-2022,2022-10-23 22:19:53
2022-09-12,04-08-2022,2022-10-10 00:23:58
2022-10-14,11-11-2021,2022-02-27 03:17:36
2022-09-07,09-02-2022,2022-04-24 08:40:35
2022-10-05,26-12-2021,2022-01-20 17:53:23
2022-09-22,29-12-2021,2021-11-09 03:42:57
2022-04-21,12-06-2022,2022-04-24 12:54:53
2022-01-28,24-03-2022,2022-07-24 11:39:26
2022-05-14,17-09-2022,2021-11-10 20:49:00
2022-08-15,16-07-2022,2022-04-03 22:14:49
2022-03-24,19-03-2022,2021-12-18 22:57:43
2022-05-30,21-01-2022,2022-04-26 07:35:41
2022-08-05,22-09-2022,2022-05-11 16:08:34
2022-04-28,04-01-2022,2022-06-08 11:15:27
2022-03-22,25-03-2022,2022-09-02 00:58:45
2021-11-26,26-06-2022,2021-11-09 23:33:38
2022-02-25,01-08-2022,2022-09-09 20:45:07
2022-09-25,03-05-2022,2022-05-27 08:34:10
2022-05-08,28-08-2022,2022-05-16 11:01:01
2021-11-19,18-01-2022,2022-09-28 02:32:02
2022-05-05,21-05-2022,2022-08-16 04:45:03
2022-07-08,19-12-2021,2022-09-13 12:04:51
2022-08-21,20-08-2022,2022-02-26 13:58:53
2022-03-07,20-09-2022,2022-06-21 11:10:41
2021-11-21,31-08-2022,2022-02-26 19:14:21
2021-12-24,23-05-2022,2022-01-04 07:56:48
2022-10-26,09-10-2022,2022-04-10 20:20:49
2022-05-25,28-05-2022,2021-11-29 16:50:41
2022-05-06,06-09-2022,2022-02-08 12:26:52
2022-04-23,04-12-2021,2022-01-14 12:50:57
2022-03-11,30-07-2022,2022-10-03 11:08:53
2022-08-13,14-05-2022,2022-01-22 08:30:21
2022-01-22,13-01-2022,2021-12-23 09:04:05
2022-07-17,16-12-2021,2022-03-06 19:52:41
2022-04-07,15-05-2022,2021-11-30 06:28:13
2022-03-25,17-12-2021,2022-10-25 18:33:01
2021-12-22,08-08-2022,2022-04-04 19:45:44
2021-11-13,30-04-2022,2022-07-29 17:31:52
2022-05-23,29-07-2022,2022-04-24 20:16:47
2021-12-22,21-08-2022,2022-04-05 07:25:49
2022-01-16,13-05-2022,2021-11-13 13:01:37
2022-07-03,19-01-2022,2021-12-26 11:29:11
2022-09-19,20-03-2022,2022-07-01 10:52:58
2021-12-16,01-10-2022,2022-04-12 10:14:12
2022-03-15,17-08-2022,2022-07-03 21:24:51
2022-10-12,09-10-2022,2021-12-01 03:14:32
2022-07-17,25-06-2022,2022-05-10 04:21:48
2022-04-30,24-03-2022,2022-02-19 22:23:16
2022-01-09,17-09-2022,2021-11-29 16:46:40
2022-10-30,17-07-2022,2022-03-02 14:15:00
2022-03-10,01-04-2022,2022-04-27 21:05:52
2022-07-21,18-12-2021,2021-11-16 13:51:15
2022-05-13,20-11-2021,2022-06-28 07:14:23
2022-02-13,05-12-2021,2022-03-23 10:54:53
2021-11-06,22-05-2022,2022-01-19 07:46:12
2021-12-14,07-01-2022,2022-05-25 11:02:12
2022-06-05,31-07-2022,2021-11-09 06:51:00
2022-06-01,20-07-2022,2022-10-01 07:24:11
2022-10-16,10-04-2022,2022-01-07 15:43:46
2022-09-15,06-06-2022,2022-10-17 07:06:00
2021-11-27,02-10-2022,2022-04-02 12:21:13
2022-03-19,03-08-2022,2022-06-17 13:56:51
2021-11-05,10-11-2021,2022-08-30 11:39:33
2022-01-09,11-03-2022,2022-10-19 11:37:54
2022-07-24,10-08-2022,2022-10-08 10:36:50
2022-07-15,01-04-2022,2022-08-10 00:13:27
2022-05-18,07-06-2022,2022-09-27 09:40:02
2022-10-07,21-01-2022,2022-03-14 15:12:59
2022-08-15,03-01-2022,2022-07-23 19:46:21
2022-07-10,27-08-2022,2022-09-04 02:47:37
2021-11-12,15-11-2021,2022-06-20 09:51:08
2021-11-10,16-05-2022,2022-07-26 04:33:34
2022-09-27,14-01-2022,2022-06-28 17:44:03
2022-05-06,10-01-2022,2021-11-15 18:36:27
2022-08-07,20-03-2022,2021-12-26 19:24:35
2022-09-06,25-04-2022,2022-07-20 14:57:40
2022-03-30,14-09-2022,2022-07-10 17:50:25
2022-08-13,14-10-2022,2021-11-26 02:46:20
2022-05-28,18-11-2021,2022-10-28 07:43:49
2022-02-09,19-05-2022,2021-11-26 08:50:52
2022-09-22,18-08-2022,2022-07-17 22:56:24
2022-07-11,27-01-2022,2022-10-12 07:02:20
2022-01-26,27-03-2022,2022-01-12 02:38:37
2022-08-17,06-05-2022,2022-10-26 16:04:11
2022-06-23,22-05-2022,2022-01-01 01:44:05
2022-03-22,16-02-2022,2022-05-01 01:06:31
2022-05-19,15-04-2022,2022-03-21 23:42:46
2022-04-06,16-06-2022,2022-05-08 14:55:21
2022-10-22,28-11-2021,2022-10-05 07:12:41
2022-04-13,24-10-2022,2022-07-03 00:18:38
2022-01-02,09-07-2022,2022-10-03 00:04:19
2022-07-25,16-01-2022,2022-06-09 09:42:14
2022-04-01,30-05-2022,2022-08-24 18:24:38
2022-03-02,09-11-2021,2022-03-15 15:57:15
2022-03-18,26-03-2022,2022-03-31 06:02:09
2022-07-20,19-12-2021,2021-12-02 20:01:29
2021-12-01,12-02-2022,2022-02-28 10:31:13
2022-03-09,12-04-2022,2022-02-07 20:10:17
2022-04-16,31-07-2022,2021-11-16 05:57:23
2022-08-30,01-04-2022,2021-12-11 13:53:32
2022-04-19,18-11-2021,2022-02-15 19:45:51
2022-03-25,21-06-2022,2022-02-10 19:13:21
2022-03-01,11-10-2022,2021-12-07 03:34:18
2022-01-10,12-03-2022,2022-10-09 03:55:48
2022-10-23,01-06-2022,2022-03-31 22:28:52
2022-03-19,08-09-2022,2022-08-13 10:49:47
2021-11-19,25-02-2022,2022-06-25 16:16:01
2022-04-05,19-12-2021,2022-03-02 05:25:46
2021-12-01,07-09-2022,2022-02-10 07:10:45
2022-04-09,05-03-2022,2022-05-12 03:37:30
2021-11-27,06-12-2021,2022-09-05 21:41:45
2021-11-27,23-08-2022,2022-01-25 09:23:39
2022-03-23,17-10-2022,2022-06-27 18:52:31
2022-03-25,16-05-2022,2021-11-23 10:13:32
2022-05-12,11-12-2021,2022-02-19 21:56:28
2022-09-23,24-02-2022,2022-10-04 20:54:28
2021-11-10,01-09-2022,2022-04-05 08:09:51
2022-06-29,25-01-2022,2022-03-20 19:48:14
2022-08-02,12-07-2022,2022-05-01 02:50:09
2022-08-15,13-10-2022,2022-05-03 18:55:09
2022-10-30,06-06-2022,2022-10-23 05:42:29
2022-10-02,17-02-2022,2022-09-15 20:08:52
2021-11-13,19-04-2022,2022-01-08 09:28:47
2022-04-07,02-08-2022,2022-03-12 22:32:36
2022-02-13,11-04-2022,2022-06-28 17:17:51
2021-11-14,26-07-2022,2022-08-23 17:57:54
2021-11-29,29-04-2022,2022-08-25 16:41:17
2022-07-30,01-08-2022,2022-02-25 18:57:02
2022-07-04,02-08-2022,2022-07-13 21:39:25
2022-10-08,15-03-2022,2022-06-15 22:28:42
2022-02-19,10-06-2022,2022-08-15 06:32:45
2022-07-21,31-01-2022,2022-09-08 03:39:00
2022-10-13,21-06-2022,2022-07-27 10:51:38
2022-07-15,16-11-2021,2022-10-07 14:10:36
2022-06-26,01-02-2022,2022-10-05 19:43:15
2021-11-13,28-03-2022,2022-07-09 02:02:12
2022-04-13,23-09-2022,2022-10-04 00:59:53
2022-07-17,29-09-2022,2022-06-09 13:42:34
2022-02-14,07-05-2022,2022-07-23 07:19:47
2022-08-25,22-05-2022,2022-08-05 00:48:44
2022-07-19,31-03-2022,2022-03-27 22:07:28
2022-09-15,04-04-2022,2022-08-05 20:24:45
2022-02-14,12-11-2021,2022-04-14 20:39:02
2021-11-25,25-12-2021,2022-03-08 11:53:12
2022-10-01,30-05-2022,2022-03-08 05:14:41
2021-12-30,11-01-2022,2022-02-06 12:51:50
2021-12-17,08-06-2022,2022-07-05 18:18:58
2022-01-18,21-05-2022,2022-08-19 03:31:30
2022-07-16,03-11-2021,2022-02-16 21:50:23
2022-08-29,10-11-2021,2022-02-20 09:57:51
2022-01-02,13-11-2021,2022-07-10 23:10:01
2022-03-24,27-05-2022,2022-10-19 08:01:16
2022-01-04,04-03-2022,2022-07-01 08:53:24
2022-10-22,21-03-2022,2022-04-13 08:15:49
2022-09-30,07-01-2022,2021-12-24 03:01:14
2022-08-06,25-02-2022,2022-05-18 12:25:59
2022-03-24,03-12-2021,2021-11-01 19:22:34
2021-12-17,10-03-2022,2022-07-31 04:33:46
2022-01-07,19-06-2022,2022-08-28 17:49:37
2022-03-21,06-09-2022,2022-10-31 12:52:57
2022-09-12,23-04-2022,2022-05-22 11:30:16
2022-04-10,07-02-2022,2022-08-17 21:05:04
2022-08-11,12-03-2022,2022-09-19 03:52:50
2022-03-06,07-08-2022,2022-02-21 20:02:10
2021-11-19,18-05-2022,2021-11-08 08:33:50
2022-03-19,07-04-2022,2022-09-01 23:52:27
2022-09-14,01-04-2022,2022-07-20 23:03:42
2022-07-11,22-09-2022,2022-09-21 05:02:30
2022-10-04,04-03-2022,2022-02-24 21:58:32
2021-12-27,12-01-2022,2022-02-09 22:21:59
2022-10-01,07-08-2022,2022-08-28 00:02:12
2022-01-14,13-04-2022,2022-04-18 10:26:28
2021-12-09,19-01-2022,2022-01-12 18:53:22
2022-10-25,12-08-2022,2021-12-22 19:15:26
2022-01-05,12-02-2022,2022-10-25 09:34:12
2022-01-23,27-09-2022,2022-01-30 10:50:51
2022-01-24,13-07-2022,2022-01-03 14:59:03
2022-07-30,08-11-2021,2022-03-19 08:08:46
2022-06-20,16-10-2022,2022-05-27 23:10:50
2022-08-27,22-08-2022,2022-09-23 10:05:16
2022-09-14,07-02-2022,2021-11-09 12:41:26
2022-05-11,26-07-2022,2021-11-15 23:40:30
2022-10-12,07-06-2022,2022-04-19 01:11:08
2022-01-04,09-11-2021,2021-12-24 17:32:42
2022-02-16,11-09-2022,2022-04-28 23:02:24
2022-10-20,02-10-2022,2022-06-29 00:44:59
2022-08-27,27-05-2022,2022-08-20 18:25:25
2022-01-08,06-10-2022,2022-04-28 16:28:52
2022-05-07,06-01-2022,2021-12-29 09:36:42
2021-12-01,04-08-2022,2022-04-28 05:59:52
2021-12-26,10-08-2022,2022-08-14 02:33:48
2022-05-20,22-10-2022,2022-01-01 00:47:04
2022-03-26,15-01-2022,2022-10-11 05:59:30
2022-10-02,02-08-2022,2022-10-22 08:58:02
2021-12-21,09-09-2022,2022-02-25 20:54:39
2022-05-02,18-11-2021,2022-08-18 10:28:20
2022-06-20,13-04-2022,2021-12-11 18:07:32
2022-07-01,21-01-2022,2022-10-07 15:05:10
2021-12-13,09-12-2021,2022-03-08 17:44:34
2022-04-16,29-04-2022,2021-11-06 21:22:23
2022-07-10,14-12-2021,2022-08-08 08:17:30
2022-08-28,26-08-2022,2022-06-26 11:49:15
2021-12-11,07-08-2022,2022-05-21 14:21:10
2021-11-15,07-12-2021,2021-11-14 20:29:45
2021-11-30,22-09-2022,2022-10-16 12:02:17
2022-04-20,26-04-2022,2022-09-23 08:30:00
2022-10-07,04-04-2022,2021-11-04 14:41:39
2021-11-30,10-02-2022,2022-08-05 07:37:21
2021-11-10,15-08-2022,2022-03-01 17:49:57
2022-01-29,28-09-2022,2022-10-14 04:54:32
2022-06-15,30-06-2022,2022-01-08 00:51:31
2022-02-02,02-07-2022,2022-02-01 09:05:40
2022-06-18,14-04-2022,2022-02-23 05:59:20
2021-11-11,22-09-2022,2021-12-03 05:06:22
2022-10-25,22-11-2021,2022-07-11 19:54:52
2022-04-01,16-05-2022,2022-08-30 23:28:47
2022-04-28,15-11-2021,2022-10-20 06:28:32
2022-07-31,12-01-2022,2022-08-16 21:31:33
2022-06-25,18-03-2022,2022-02-26 04:59:19
2022-07-07,15-05-2022,2021-11-18 11:49:38
2021-12-14,03-01-2022,2022-07-07 16:39:39
2022-06-07,23-02-2022,2022-08-31 22:47:29
2022-02-13,25-01-2022,2022-08-20 11:40:36
2022-04-10,03-03-2022,2022-06-06 07:27:53
2021-12-31,27-02-2022,2022-06-06 12:19:38
2022-05-18,17-11-2021,2022-07-22 11:03:35
2022-04-30,22-07-2022,2021-11-18 16:50:56
2021-12-07,27-08-2022,2022-01-06 06:19:23
2021-12-04,02-02-2022,2022-01-14 04:40:45
2022-03-15,26-06-2022,2021-12-30 16:03:36
2021-12-14,15-04-2022,2022-10-31 20:55:05
2022-03-09,19-06-2022,2022-09-02 10:27:54
2022-02-27,04-03-2022,2022-03-28 13:39:28
2022-05-20,05-05-2022,2022-07-13 14:50:30
2022-05-06,10-02-2022,2022-09-23 08:03:18
2022-03-07,02-10-2022,2022-03-27 12:42:01
2021-12-26,23-10-2022,2022-09-03 22:53:18
2022-06-21,20-11-2021,2022-04-27 08:38:53
2022-04-27,13-02-2022,2022-06-09 17:49:21
2022-10-14,15-01-2022,2021-11-22 15:57:30
2022-06-05,17-03-2022,2022-06-02 16:59:45
2022-09-25,07-03-2022,2022-04-09 23:53:26
2022-06-03,01-10-2022,2022-02-14 22:20:02
2021-11-22,15-02-2022,2022-01-28 04:15:04
2022-08-10,04-02-2022,2022-03-11 02:37:21
2022-01-04,09-02-2022,2022-06-03 13:42:30
2022-03-17,18-07-2022,2021-11-29 03:58:56
2022-07-16,03-07-2022,2021-12-08 20:36:33
2022-10-11,21-06-2022,2022-08-10 19:39:15
2022-03-08,28-07-2022,2021-12-29 12:51:42
2021-11-25,08-12-2021,2022-03-06 11:06:59
2022-04-27,07-03-2022,2022-07-10 07:33:22
2022-07-05,30-09-2022,2022-06-21 23:28:48
2021-12-24,05-04-2022,2022-06-22 15:46:33
2022-04-04,08-09-2022,2022-05-03 18:51:35
2022-03-17,11-10-2022,2022-07-05 19:57:55
2022-06-28,31-05-2022,2022-02-21 07:58:47
2022-03-09,06-07-2022,2022-08-15 22:58:42
2022-03-17,05-05-2022,2022-08-21 08:53:56
2022-06-14,17-08-2022,2021-12-03 08:11:33
2022-03-07,31-07-2022,2022-02-01 18:04:51
2022-07-26,12-12-2021,2022-10-20 10:31:04
2021-11-02,27-02-2022,2022-09-29 16:20:31
2021-11-30,16-12-2021,2022-10-14 23:19:41
2022-10-30,10-05-2022,2022-07-20 07:05:28
2021-12-29,13-04-2022,2022-06-03 12:36:36
2022-09-20,10-07-2022,2022-03-20 22:44:51
2022-06-14,17-06-2022,2021-12-12 01:30:21
2022-02-02,20-06-2022,2022-01-12 05:40:52
2022-01-10,03-02-2022,2022-10-12 11:12:07
2021-11-29,20-02-2022,2022-05-30 08:16:32
2022-03-26,01-03-2022,2021-11-09 16:49:35
2021-11-03,12-02-2022,2022-10-03 19:46:49
2022-08-28,08-08-2022,2022-03-17 08:38:00
2022-04-27,03-05-2022,2022-01-18 03:21:02
2022-08-18,25-01-2022,2021-12-11 07:59:26
2022-07-17,28-05-2022,2021-11-01 12:54:16
2022-03-20,05-06-2022,2021-12-24 08:53:04
2021-12-11,23-04-2022,2022-01-20 19:54:16
2022-09-28,28-03-2022,2022-10-13 08:02:24
2022-06-29,18-02-2022,2022-08-27 06:28:28
2022-01-14,26-04-2022,2022-05-15 21:32:02
2022-02-24,26-06-2022,2022-09-13 06:20:32
2022-05-02,29-08-2022,2022-06-20 01:54:45
2022-10-24,31-12-2021,2022-08-25 12:29:32
2022-03-05,07-12-2021,2022-09-25 18:39:38
2022-02-23,17-01-2022,2022-05-27 04:12:59
2022-02-23,27-09-2022,2022-07-25 23:29:48
2021-11-07,30-10-2022,2022-06-04 12:12:55
2022-08-20,17-03-2022,2022-01-27 14:08:37
2022-01-04,24-04-2022,2022-10-23 19:48:04
2022-09-24,26-05-2022,2022-08-16 19:59:07
2022-05-27,08-11-2021,2022-06-18 07:34:10
2022-03-02,04-01-2022,2021-12-20 19:06:02
2022-06-30,02-05-2022,2022-05-15 04:22:49
2022-10-11,13-10-2022,2021-12-24 14:39:12
2022-06-28,02-06-2022,2022-02-22 05:48:48
2022-01-29,05-12-2021,2022-01-04 01:45:08
2022-09-28,06-08-2022,2022-03-23 22:49:47
2021-12-11,02-09-2022,2022-06-20 09:32:49
2021-11-17,14-08-2022,2022-08-27 17:57:43
2022-06-30,17-07-2022,2022-01-10 18:39:12
2022-01-15,01-09-2022,2022-07-25 01:35:22
2022-05-14,01-03-2022,2021-11-12 13:27:00
2022-08-25,12-05-2022,2022-06-16 09:32:45
2022-08-04,25-04-2022,2022-02-01 03:15:40
2022-06-02,03-11-2021,2022-02-21 11:07:55
2022-06-04,23-06-2022,2022-04-15 07:54:00
2022-10-30,18-03-2022,2022-06-09 20:32:30
2022-01-30,27-08-2022,2022-05-24 23:07:49
2022-06-17,07-11-2021,2022-07-20 22:56:57
2021-11-25,11-01-2022,2022-01-31 20:35:15
2022-04-18,24-08-2022,2022-04-30 06:27:43
2021-12-21,13-04-2022,2022-10-26 15:54:58
2022-05-06,28-11-2021,2022-02-14 15:17:50
2022-04-04,19-06-2022,2022-03-02 06:40:39
2022-02-11,30-09-2022,2022-02-15 14:50:46
2022-08-21,03-10-2022,2022-06-19 03:53:09
2022-02-01,23-06-2022,2022-01-04 02:59:38
2022-03-02,28-12-2021,2022-05-29 01:26:19
2021-12-04,16-09-2022,2021-11-06 23:00:05
2022-10-17,17-05-2022,2021-11-30 04:52:59
2022-10-17,23-04-2022,2022-07-17 12:20:15
2022-10-16,14-06-2022,2022-10-11 01:02:31
2022-02-16,18-12-2021,2022-09-10 07:55:04
2022-09-19,13-12-2021,2022-06-03 00:06:04
2022-02-20,07-01-2022,2022-04-06 19:07:57
2022-06-20,29-08-2022,2021-12-02 17:27:58
2022-03-10,18-04-2022,2022-01-24 02:25:45
2022-02-05,02-01-2022,2022-05-20 16:21:56
2022-06-17,29-06-2022,2022-05-02 12:17:37
2022-07-02,19-06-2022,2021-12-11 09:03:53
2022-03-12,10-12-2021,2022-07-31 12:26:17
2022-04-17,10-03-2022,2022-02-11 22:22:51
2022-09-26,22-08-2022,2022-02-09 02:20:45
2022-07-07,27-06-2022,2022-09-17 23:35:35
2022-08-02,08-06-2022,2022-10-18 09:18:36
2021-11-18,17-12-2021,2022-03-26 06:42:01
2022-02-09,27-06-2022,2022-01-13 17:58:56
2022-05-29,30-05-2022,2022-07-01 11:53:17
2022-04-23,07-04-2022,2022-04-23 09:33:25
2022-05-08,19-08-2022,2022-05-27 11:57:45
2022-01-17,02-12-2021,2022-08-24 05:01:34
2022-04-10,15-08-2022,2022-04-30 06:05:07
2022-06-13,27-07-2022,2021-12-08 11:40:25
2021-11-04,19-11-2021,2022-04-27 01:01:16
2022-08-28,01-10-2022,2022-07-16 20:05:28
2022-03-23,09-01-2022,2022-02-03 21:39:08
2022-02-26,02-02-2022,2022-05-11 05:31:52
2022-08-15,30-11-2021,2022-02-12 04:33:56
2022-02-04,13-10-2022,2022-03-17 12:30:20
2022-02-22,05-08-2022,2022-03-05 05:49:07
2022-06-05,28-01-2022,2022-04-09 05:55:14
2021-12-16,07-12-2021,2022-06-30 10:55:50
2022-03-02,08-12-2021,2022-04-22 23:11:53
2022-03-03,27-01-2022,2022-09-06 20:46:35
2022-07-26,17-01-2022,2022-07-23 18:46:19
2022-10-22,26-05-2022,2022-09-12 04:37:35
2022-05-11,12-03-2022,2022-05-11 08:26:54
2022-08-18,05-11-2021,2022-06-24 11:49:31
2022-04-03,26-07-2022,2022-10-10 22:57:20
2022-05-04,24-05-2022,2022-07-03 20:48:22
2022-06-24,05-09-2022,2022-03-16 05:23:14
2021-11-07,02-01-2022,2022-06-27 05:56:20
2022-10-30,27-08-2022,2021-11-01 00:55:54
2022-07-22,17-10-2022,2022-02-09 02:56:11
2022-05-05,05-10-2022,2022-05-17 11:00:18
2022-05-25,02-09-2022,2021-12-04 12:27:57
2021-12-03,13-09-2022,2022-09-10 02:11:59
2022-03-31,29-01-2022,2022-08-04 12:13:57
2022-02-16,29-10-2022,2022-01-08 07:08:12
2022-04-16,10-01-2022,2022-06-15 13:20:02
2022-03-24,30-04-2022,2022-01-27 22:06:46
2022-08-17,14-03-2022,2022-03-18 04:49:38
2022-03-09,17-10-2022,2022-04-08 15:43:58
2021-11-09,01-07-2022,2022-02-09 12:25:40
2022-01-19,26-03-2022,2021-12-30 22:33:03
2022-05-20,19-07-2022,2022-08-28 21:46:15
2022-08-10,26-02-2022,2022-06-24 15:40:43
2022-06-27,08-07-2022,2022-09-07 04:40:35
2022-03-11,15-01-2022,2022-05-09 09:42:44
2022-06-12,20-10-2022,2022-08-01 04:05:41
2022-02-07,17-06-2022,2022-03-09 08:58:32
2022-01-27,04-11-2021,2022-10-05 17:56:05
2021-12-23,12-08-2022,2021-12-16 12:34:32
2022-08-17,08-08-2022,2022-09-05 14:55:16
2022-10-28,12-02-2022,2022-03-13 16:16:22
2022-04-01,17-02-2022,2022-03-15 05:15:17
2022-10-29,26-09-2022,2021-12-07 18:19:18
2022-01-29,21-07-2022,2022-05-17 14:10:40
2022-01-28,25-07-2022,2022-01-13 01:01:44
2022-08-08,13-09-2022,2022-04-13 00:04:00
2022-10-05,06-03-2022,2022-08-28 11:15:54
2022-09-29,25-02-2022,2022-05-16 06:18:34
2021-12-18,02-09-2022,2022-09-28 13:37:22
2021-11-15,17-06-2022,2021-11-21 20:50:39
2022-05-27,11-08-2022,2022-07-14 21:21:10
2022-05-30,28-11-2021,2022-04-01 18:01:15
2022-07-30,10-11-2021,2022-09-20 03:21:36
2022-03-02,09-12-2021,2022-01-29 13:10:44
2022-03-04,09-05-2022,2022-07-02 06:34:16
2022-06-04,18-03-2022,2022-05-03 19:23:27
2022-09-18,08-02-2022,2022-07-25 08:56:51
2022-07-24,16-10-2022,2022-01-14 14:19:03
2021-12-17,08-01-2022,2022-08-29 00:24:15
2022-06-25,14-09-2022,2022-09-28 12:21:59
2022-05-24,13-03-2022,2022-04-05 09:59:11
2022-04-17,23-05-2022,2021-11-06 11:41:07
2022-02-03,21-11-2021,2022-08-06 07:21:28
2022-06-16,26-09-2022,2021-12-13 22:16:39
2022-10-06,21-05-2022,2022-07-16 06:39:21
2021-11-18,20-12-2021,2022-03-17 22:01:36
2021-12-14,31-01-2022,2022-05-02 00:00:11
2022-07-04,26-10-2022,2022-03-18 09:22:01
2022-03-12,31-12-2021,2022-09-19 11:04:41
2022-04-30,19-08-2022,2022-06-12 15:13:58
2021-12-11,04-01-2022,2021-11-25 04:45:39
2022-02-25,14-05-2022,2022-02-23 03:19:42
2022-09-19,07-10-2022,2022-01-16 23:44:42
2022-08-16,18-03-2022,2022-01-30 18:52:59
2022-08-09,19-08-2022,2021-11-14 14:38:32
2021-12-03,12-01-2022,2022-03-14 13:00:11
2022-06-19,03-08-2022,2022-01-23 21:24:51
2022-07-09,21-04-2022,2022-08-30 12:43:02
2022-03-31,14-08-2022,2021-12-23 17:14:14
2022-10-16,14-08-2022,2022-09-03 13:25:07
2022-01-08,15-03-2022,2022-10-16 09:15:29
2021-11-20,06-03-2022,2022-06-03 19:41:44
2022-01-15,10-09-2022,2021-11-12 15:44:04
2022-04-12,16-01-2022,2022-10-22 02:51:00
2022-05-28,12-02-2022,2022-02-09 18:42:08
2022-06-10,15-11-2021,2022-04-10 21:59:41
2022-10-30,09-10-2022,2022-05-16 01:52:38
2022-04-14,03-08-2022,2022-05-31 20:12:41
2021-11-28,14-10-2022,2022-01-27 05:41:32
2022-02-18,22-08-2022,2022-06-04 12:02:08
2021-11-24,15-02-2022,2022-07-14 18:11:08
2022-08-08,17-03-2022,2022-07-20 16:22:32
2021-11-29,28-07-2022,2022-10-27 23:59:10
2022-06-08,26-02-2022,2022-03-18 20:53:59
2022-07-06,23-12-2021,2021-12-26 18:50:23
2021-12-19,11-04-2022,2022-03-23 16:17:03
2022-03-06,27-07-2022,2022-08-10 09:53:55
2021-11-28,15-08-2022,2021-11-27 18:11:52
2022-02-08,27-04-2022,2021-12-06 20:47:24
2022-04-26,06-11-2021,2021-12-12 13:53:56
2022-10-15,01-04-2022,2022-06-01 03:25:12
2022-08-23,22-12-2021,2022-04-22 05:23:13
2021-12-24,15-12-2021,2022-08-15 17:13:25
2022-07-17,06-03-2022,2021-11-08 03:36:11
2022-07-23,22-03-2022,2022-01-06 23:59:02
2022-01-18,21-10-2022,2022-07-20 00:22:16
2021-11-04,11-12-2021,2022-09-24 10:48:12
2022-06-24,24-05-2022,2022-10-20 15:48:33
2021-11-18,25-12-2021,2022-05-19 16:14:25
2022-06-28,25-11-2021,2022-09-16 14:10:47
2022-08-01,18-03-2022,2022-04-19 05:37:50
2022-02-21,07-10-2022,2022-01-08 21:24:35
2022-10-17,10-12-2021,2021-11-15 06:18:05
2022-01-27,22-08-2022,2022-01-07 04:17:14
2022-09-09,03-10-2022,2022-10-12 21:50:03
2022-02-27,04-05-2022,2021-11-04 05:10:52
2021-12-02,20-09-2022,2022-04-17 16:44:14
2022-05-13,25-09-2022,2022-03-13 18:49:15
2022-04-22,03-10-2022,2022-03-06 16:21:41
2022-04-19,10-08-2022,2022-08-27 17:27:16
2021-12-22,17-12-2021,2022-05-10 14:34:05
2021-11-18,16-06-2022,2022-05-24 19:03:27
2022-08-29,15-04-2022,2022-02-24 20:30:57
2022-06-07,17-09-2022,2022-02-04 08:55:44
2021-12-12,21-11-2021,2022-06-05 10:21:07
2021-11-16,04-04-2022,2022-08-09 04:50:56
2021-11-02,10-10-2022,2021-11-03 07:38:53
2022-07-19,21-12-2021,2021-12-13 13:40:39
2021-12-23,08-02-2022,2022-04-25 02:15:29
2022-05-11,07-10-2022,2021-12-06 20:26:50
2022-07-29,17-10-2022,2022-05-20 17:37:23
2022-04-20,10-06-2022,2022-09-27 17:39:28
2021-12-28,27-04-2022,2022-05-28 13:49:04
2022-06-15,15-09-2022,2022-06-16 11:02:44
2021-11-17,13-01-2022,2021-11-01 13:45:29
2022-07-29,31-07-2022,2022-05-12 19:14:04
2022-09-27,19-01-2022,2022-08-06 04:04:56
2022-01-14,01-03-2022,2021-12-15 00:15:05
2022-10-17,28-01-2022,2022-04-24 15:54:07
2021-12-22,27-05-2022,2022-06-10 06:47:28
2022-03-22,15-04-2022,2022-08-01 21:32:53
2022-02-04,22-10-2022,2022-05-06 08:13:38
2022-04-05,30-07-2022,2021-12-17 20:46:28
2022-10-23,18-05-2022,2021-11-26 22:44:00
2022-02-01,09-06-2022,2022-07-15 23:15:08
2021-12-18,20-09-2022,2022-07-19 05:22:42
2022-01-17,03-07-2022,2021-12-06 19:46:01
2022-08-25,13-10-2022,2022-04-07 15:29:32
2022-02-04,21-02-2022,2022-01-18 16:09:38
2021-11-10,18-04-2022,2022-02-25 12:25:44
2021-11-20,10-06-2022,2022-05-16 23:47:07
2021-12-06,14-02-2022,2022-08-29 20:53:30
2022-10-18,26-12-2021,2022-09-28 21:20:17
2021-11-02,22-05-2022,2021-11-15 20:52:47
2022-05-19,04-06-2022,2022-10-11 10:09:31
2022-07-12,18-12-2021,2022-07-22 22:09:10
2022-04-24,06-03-2022,2021-11-20 01:09:09
2022-03-25,09-12-2021,2021-11-19 17:16:27
2022-10-07,22-11-2021,2022-04-11 23:51:07
2022-02-12,16-09-2022,2021-12-10 17:46:36
2022-05-24,02-02-2022,2022-09-07 07:55:03
2022-09-09,05-12-2021,2022-08-04 03:19:46
2022-01-23,22-10-2022,2021-11-07 03:23:01
2022-04-22,30-11-2021,2022-08-06 10:03:59
2022-04-18,12-01-2022,2022-01-12 14:41:18
2022-05-26,22-09-2022,2022-05-31 18:50:32
2022-06-06,09-04-2022,2022-08-30 23:03:24
2022-07-13,31-12-2021,2022-05-09 20:41:43
2022-05-01,03-04-2022,2022-02-28 10:15:37
2022-08-11,18-02-2022,2022-05-21 04:45:18
2022-08-10,01-04-2022,2022-10-22 20:39:03
2022-01-29,16-12-2021,2022-01-14 00:19:15
2021-12-14,22-04-2022,2022-08-20 00:05:45
2022-08-26,12-11-2021,2022-01-07 07:19:04
2022-04-11,25-03-2022,2022-05-19 20:24:23
2022-09-24,26-07-2022,2022-10-27 23:51:58
2022-06-20,30-08-2022,2022-03-22 02:30:19
2022-03-31,08-10-2022,2022-03-18 13:09:29
2022-01-01,03-06-2022,2022-07-29 05:56:24
2022-08-21,26-06-2022,2021-11-18 00:51:19
2022-06-08,30-04-2022,2022-10-05 14:19:16
2022-01-28,08-06-2022,2022-03-14 18:30:27
2022-09-14,19-12-2021,2022-03-19 14:08:02
2022-07-13,09-09-2022,2021-11-26 00:01:15
2022-09-28,06-03-2022,2022-08-17 16:01:25
2022-07-20,27-11-2021,2022-10-15 23:35:06
2022-10-03,29-10-2022,2021-12-11 17:58:23
2021-12-18,14-12-2021,2022-05-15 18:33:56
2022-01-05,31-03-2022,2022-08-30 05:48:55
2022-09-23,31-03-2022,2022-06-24 20:46:06
2022-05-15,29-03-2022,2022-04-28 19:27:56
2022-04-04,10-12-2021,2022-03-16 08:14:54
2022-09-03,17-08-2022,2022-10-01 20:35:55
2022-05-17,18-07-2022,2022-04-23 05:53:14
2022-07-23,29-07-2022,2022-09-19 17:10:57
2022-10-14,03-04-2022,2022-09-07 09:57:56
2022-09-10,02-06-2022,2022-04-22 05:27:21
2022-03-09,03-02-2022,2022-05-21 05:37:04
2022-06-01,13-02-2022,2021-11-06 20:52:26
2022-05-11,20-02-2022,2022-09-03 17:25:39
2022-04-23,14-10-2022,2021-12-12 17:06:51
2022-03-30,09-07-2022,2022-05-03 21:15:49
2022-06-12,15-01-2022,2021-11-11 16:13:14
2022-01-24,21-03-2022,2022-03-21 23:12:32
2022-02-05,04-11-2021,2021-11-21 06:37:48
2022-05-20,18-08-2022,2022-08-28 22:25:31
2021-12-02,23-03-2022,2021-12-08 14:51:48
2022-01-28,01-08-2022,2022-01-19 19:08:44
2022-04-11,08-03-2022,2022-02-18 13:23:17
2022-03-21,20-09-2022,2022-02-10 15:28:00
2022-09-16,06-12-2021,2022-06-29 02:28:19
2022-05-23,26-02-2022,2021-12-19 21:21:41
2021-12-14,07-07-2022,2022-10-05 20:48:50
2021-11-18,23-11-2021,2022-06-01 12:25:45
2021-12-02,19-08-2022,2022-03-16 17:26:34
2021-11-06,02-07-2022,2021-12-22 21:49:23
2022-06-21,28-07-2022,2022-01-26 15:12:22
2022-10-11,31-03-2022,2022-04-13 00:37:23
2022-04-04,28-07-2022,2021-12-06 10:24:44
2022-04-22,14-05-2022,2021-12-03 01:28:35
2021-11-23,24-10-2022,2022-01-07 21:43:42
2022-05-01,26-10-2022,2022-08-23 22:41:44
2022-06-06,02-08-2022,2022-01-16 07:28:30
2022-02-21,08-05-2022,2022-05-29 14:54:34
2022-02-28,09-04-2022,2022-07-12 11:32:05
2022-05-29,16-12-2021,2022-01-26 09:51:57
2022-05-22,06-10-2022,2022-02-17 03:00:51
2022-01-03,24-08-2022,2022-10-07 21:07:06
2022-09-05,10-08-2022,2021-12-11 22:17:43
2022-06-11,16-09-2022,2022-05-12 21:18:01
2021-12-08,06-12-2021,2022-08-25 02:34:57
2021-12-12,01-06-2022,2022-09-07 09:05:02
2021-12-27,07-10-2022,2022-06-28 19:12:18
2022-08-31,06-12-2021,2022-06-30 13:23:42
2022-01-02,04-03-2022,2022-09-03 13:35:10
2022-01-17,15-06-2022,2022-07-30 22:33:53
2022-03-20,26-10-2022,2022-06-03 16:18:39
2022-06-02,15-01-2022,2021-12-22 19:12:38
2022-03-24,03-07-2022,2022-04-02 22:31:02
2022-09-30,06-05-2022,2022-01-11 05:03:31
2022-03-23,29-06-2022,2022-10-27 20:54:07
2022-10-27,11-04-2022,2022-09-29 16:14:59
2021-12-11,25-11-2021,2022-02-26 15:20:51
2022-06-25,21-09-2022,2022-05-13 11:03:15
2022-02-21,10-12-2021,2022-01-12 05:31:21
2022-07-31,21-06-2022,2022-07-10 04:25:37
2022-10-23,30-09-2022,2021-12-10 09:51:13
